Model,Name,Prce,Category
C300 Cabriolet,Illuminated Star,$550,Luxury
C300 Cabriolet,"Mirror Housing Cover, Black",$250,Luxury
C300 Cabriolet,"Mirror Housing Cover, Carbon Fiber Look",$250,Luxury
C300 Cabriolet,Chrome Door Handle Inserts,$70,Luxury
C300 Cabriolet,Chrome Rear Trim,$200,Luxury
C300 Cabriolet,19-inch 5-spoke alloy wheel,"$1,460",Luxury
C300 Cabriolet,19-inch 10-spoke alloy wheel,"$1,620",Luxury
C300 Cabriolet,18-inch Multi-spoke Alloy Wheels,"$1,340",Luxury
C300 Cabriolet,19-inch 6-spoke Alloy Wheels,"$2,140",Luxury
C300 Cabriolet,19-inch 5-twin-spoke Alloy Wheels,"$1,680",Luxury
C300 Cabriolet,17-inch 5-spoke Alloy Wheels,"$1,800",Luxury
C300 Cabriolet,AMG Additional Flics,$245,Luxury
C300 Cabriolet,AMG Rear Apron Trim Diffuser,"$1,000",Luxury
C300 Cabriolet,AMG Side Sill Panels,"$1,100",Luxury
C300 Cabriolet,AMG Front Splitter,$590,Luxury
C300 Cabriolet,Wheel hub inserts,$25,Luxury
C300 Cabriolet,AMG Heritag Hub Cap Inserts,$215,Luxury
C300 Cabriolet,Tire valve stem caps,$20,Luxury
C300 Cabriolet,License Plate Frames,$45,Luxury
C300 Cabriolet,AIRMATIC Package,"$1,190",Luxury
C300 Cabriolet,Parking Assist Package,"$1,090",Luxury
C300 Cabriolet,Sport Suspension,$0,Luxury
C300 Cabriolet,Wheel Locks,$150,Luxury
C300 4MATIC Cabriolet,Illuminated Star,$550,Luxury
C300 4MATIC Cabriolet,"Mirror Housing Cover, Black",$250,Luxury
C300 4MATIC Cabriolet,"Mirror Housing Cover, Carbon Fiber Look",$250,Luxury
C300 4MATIC Cabriolet,Chrome Door Handle Inserts,$70,Luxury
C300 4MATIC Cabriolet,Chrome Rear Trim,$200,Luxury
C300 4MATIC Cabriolet,19-inch 5-spoke alloy wheel,"$1,460",Luxury
C300 4MATIC Cabriolet,19-inch 10-spoke alloy wheel,"$1,620",Luxury
C300 4MATIC Cabriolet,18-inch Multi-spoke Alloy Wheels,"$1,340",Luxury
C300 4MATIC Cabriolet,19-inch 6-spoke Alloy Wheels,"$2,140",Luxury
C300 4MATIC Cabriolet,19-inch 5-twin-spoke Alloy Wheels,"$1,680",Luxury
C300 4MATIC Cabriolet,17-inch 5-spoke Alloy Wheels,"$1,800",Luxury
C300 4MATIC Cabriolet,AMG Additional Flics,$245,Luxury
C300 4MATIC Cabriolet,AMG Rear Apron Trim Diffuser,"$1,000",Luxury
C300 4MATIC Cabriolet,AMG Side Sill Panels,"$1,100",Luxury
C300 4MATIC Cabriolet,AMG Front Splitter,$590,Luxury
C300 4MATIC Cabriolet,Wheel hub inserts,$25,Luxury
C300 4MATIC Cabriolet,AMG Heritag Hub Cap Inserts,$215,Luxury
C300 4MATIC Cabriolet,Tire valve stem caps,$20,Luxury
C300 4MATIC Cabriolet,License Plate Frames,$45,Luxury
C300 4MATIC Cabriolet,Memory for front passenger seat,$430,Luxury
C300 4MATIC Cabriolet,Heated and ventilated seats,$450,Luxury
C300 4MATIC Cabriolet,Topstitched MB-Tex upper dash trim,$350,Luxury
C300 4MATIC Cabriolet,AMG Door Pins,$50,Luxury
C300 4MATIC Cabriolet,AIRMATIC Package,"$1,190",Luxury
C300 4MATIC Cabriolet,Parking Assist Package,"$1,090",Luxury
C300 4MATIC Cabriolet,Sport Suspension,$0,Luxury
C300 4MATIC Cabriolet,Wheel Locks,$150,Luxury
C300 Coupe,Premium 1 Package,"$2,300",Luxury
C300 Coupe,Premium 2 Package,"$4,960",Luxury
C300 Coupe,Premium 3 Package,"$7,860",Luxury
C300 Coupe,Head-Up Display,$990,Luxury
C300 Coupe,Garmin® MAP PILOT,$625,Luxury
C300 Coupe,Media Interface consumer cable kit NTG5,$70,Luxury
C300 Coupe,"Media Interface consumer cable, iPod® NTG5",$35,Luxury
C300 Coupe,"Media Interface consumer cable, micro USB, NTG5",$20,Luxury
C300 Coupe,"Media Interface consumer cable, Lightning, NTG5",$35,Luxury
C300 Coupe,AIRMATIC Package,"$1,190",Luxury
C300 Coupe,Parking Assist Package,$830,Luxury
C300 Coupe,Wheel Locks,$150,Luxury
C300 Coupe,Rearview camera,$460,Luxury
C300 Coupe,"mbrace® Connect
5-year Complimentary service",$0,Luxury
C300 Coupe,"mbrace Secure
6-month free trial",$199,Luxury
C300 Coupe,"mbrace Concierge
3-month free trial",$20,Luxury
C300 Coupe,"mbrace Entertain
3-month free trial",$18,Luxury
C300 Coupe,"mbrace Bundle (Concierge & Entertain)
3-month free trial",$28,Luxury
C300 Coupe,Illuminated Star,$550,Luxury
C300 Coupe,Rear spoiler,$350,Luxury
C300 Coupe,Chrome Door Handle Inserts,$70,Luxury
C300 Coupe,Roof Spoiler,$300,Luxury
C300 Coupe,Black Mirror Housing,$250,Luxury
C300 Coupe,Carbon Fiber Look Mirror Housing,$250,Luxury
C300 Coupe,Rear Chrome Tim,$200,Luxury
C300 Coupe,19-inch 5-spoke alloy wheel,"$1,460",Luxury
C300 Coupe,19-inch 10-spoke alloy wheel,"$1,620",Luxury
C300 Coupe,18-inch Multi-spoke alloy wheels,"$1,340",Luxury
C300 Coupe,19-inch 6-spoke Alloy Wheels,"$2,140",Luxury
C300 Coupe,19-inch 5-twin-spoke Alloy Wheels,"$1,680",Luxury
C300 Coupe,17-inch 5-spoke Alloy Wheels,"$1,800",Luxury
C300 Coupe,Front Apron Spoiler Lip,$590,Luxury
C300 Coupe,Wheel hub inserts,$25,Luxury
C300 Coupe,AMG Heritage Hub Cap Inserts,$215,Luxury
C300 Coupe,Tire valve stem caps,$20,Luxury
C300 Coupe,License Plate Frames,$45,Luxury
C300 Coupe,Heated and ventilated front seats,"$1,030",Luxury
C300 Coupe,Heated front seats,$580,Luxury
C300 Coupe,Memory for front passenger seat,$430,Luxury
C300 Coupe,Cabin atomizer fragrances,$130,Luxury
C300 Coupe,AIRMATIC Package,"$1,190",Luxury
C300 Coupe,Parking Assist Package,$830,Luxury
C300 Coupe,Wheel Locks,$150,Luxury
C300 Coupe,Rearview camera,$460,Luxury
C300 4MATIC Coupe,Illuminated Star,$550,Luxury
C300 4MATIC Coupe,Rear spoiler,$350,Luxury
C300 4MATIC Coupe,Chrome Door Handle Inserts,$70,Luxury
C300 4MATIC Coupe,Roof Spoiler,$300,Luxury
C300 4MATIC Coupe,Black Mirror Housing,$250,Luxury
C300 4MATIC Coupe,Carbon Fiber Look Mirror Housing,$250,Luxury
C300 4MATIC Coupe,Rear Chrome Tim,$200,Luxury
C300 4MATIC Coupe,19-inch 5-spoke alloy wheel,"$1,460",Luxury
C300 4MATIC Coupe,19-inch 10-spoke alloy wheel,"$1,620",Luxury
C300 4MATIC Coupe,18-inch Multi-spoke alloy wheels,"$1,340",Luxury
C300 4MATIC Coupe,19-inch 6-spoke Alloy Wheels,"$2,140",Luxury
C300 4MATIC Coupe,19-inch 5-twin-spoke Alloy Wheels,"$1,680",Luxury
C300 4MATIC Coupe,17-inch 5-spoke Alloy Wheels,"$1,800",Luxury
C300 4MATIC Coupe,Front Apron Spoiler Lip,$590,Luxury
C300 4MATIC Coupe,Wheel hub inserts,$25,Luxury
C300 4MATIC Coupe,AMG Heritage Hub Cap Inserts,$215,Luxury
C300 4MATIC Coupe,Tire valve stem caps,$20,Luxury
C300 4MATIC Coupe,License Plate Frames,$45,Luxury
C300 4MATIC Coupe,Heated and ventilated front seats,"$1,030",Luxury
C300 4MATIC Coupe,Heated front seats,$580,Luxury
C300 4MATIC Coupe,Memory for front passenger seat,$430,Luxury
C300 4MATIC Coupe,Cabin atomizer fragrances,$130,Luxury
C300 4MATIC Coupe,AIRMATIC Package,"$1,190",Luxury
C300 4MATIC Coupe,Parking Assist Package,$830,Luxury
C300 4MATIC Coupe,Wheel Locks,$150,Luxury
C300 4MATIC Coupe,Rearview camera,$460,Luxury
C350e Plug-in Hybrid Sedan,Premium 1 Package,"$1,300",Luxury
C350e Plug-in Hybrid Sedan,Premium 2 Package,"$2,950",Luxury
C350e Plug-in Hybrid Sedan,Premium 3 Package,"$5,400",Luxury
C350e Plug-in Hybrid Sedan,Premium 4 Package,"$8,650",Luxury
C350e Plug-in Hybrid Sedan,Head-Up Display,$990,Luxury
C350e Plug-in Hybrid Sedan,Garmin® MAP PILOT,$625,Luxury
C350e Plug-in Hybrid Sedan,Multicolor LED ambient lighting,$310,Luxury
C350e Plug-in Hybrid Sedan,Media Interface consumer cable kit NTG5,$70,Luxury
C350e Plug-in Hybrid Sedan,"Media Interface consumer cable, iPod® NTG5",$35,Luxury
C350e Plug-in Hybrid Sedan,"Media Interface consumer cable, micro USB, NTG5",$20,Luxury
C350e Plug-in Hybrid Sedan,"Media Interface consumer cable, Lightning, NTG5",$35,Luxury
C350e Plug-in Hybrid Sedan,Parking Assist Package,"$1,090",Luxury
C350e Plug-in Hybrid Sedan,Wheel Locks,$150,Luxury
C350e Plug-in Hybrid Sedan,"mbrace® Connect
5-year Complimentary service",$0,Luxury
C350e Plug-in Hybrid Sedan,"mbrace Secure
6-month free trial",$199,Luxury
C350e Plug-in Hybrid Sedan,"mbrace Concierge
3-month free trial",$20,Luxury
C350e Plug-in Hybrid Sedan,"mbrace Entertain
3-month free trial",$18,Luxury
C350e Plug-in Hybrid Sedan,"mbrace Bundle (Concierge & Entertain)
3-month free trial",$28,Luxury
C350e Plug-in Hybrid Sedan,Panorama roof,"$1,480",Luxury
C350e Plug-in Hybrid Sedan,Carbon Fiber Look Mirror Housing,$250,Luxury
C350e Plug-in Hybrid Sedan,Exterior Mirror Housing,$250,Luxury
C350e Plug-in Hybrid Sedan,Chrome Door Handle Inserts,$100,Luxury
C350e Plug-in Hybrid Sedan,Rear spoiler,$350,Luxury
C350e Plug-in Hybrid Sedan,18-inch Multi-spoke alloy wheels,"$1,340",Luxury
C350e Plug-in Hybrid Sedan,19-inch 6-spoke alloy wheels,"$2,140",Luxury
C350e Plug-in Hybrid Sedan,19-inch 5-spoke alloy wheel,"$1,460",Luxury
C350e Plug-in Hybrid Sedan,19-inch 10-spoke alloy wheel,"$1,620",Luxury
C350e Plug-in Hybrid Sedan,AMG Rear Flics,$310,Luxury
C350e Plug-in Hybrid Sedan,AMG Front Splitter,$780,Luxury
C350e Plug-in Hybrid Sedan,AMG Rear Apron Trim,$810,Luxury
C350e Plug-in Hybrid Sedan,AMG Side Sill Panels,"$1,100",Luxury
C350e Plug-in Hybrid Sedan,AMG Rear Spoiler,$520,Luxury
C350e Plug-in Hybrid Sedan,Front Apron Spoiler Lip,$590,Luxury
C350e Plug-in Hybrid Sedan,Roof spoiler,$320,Luxury
C350e Plug-in Hybrid Sedan,Wheel hub inserts,$25,Luxury
C350e Plug-in Hybrid Sedan,AMG Heritage Hub Cap Inserts,$215,Luxury
C350e Plug-in Hybrid Sedan,Tire valve stem caps,$20,Luxury
C350e Plug-in Hybrid Sedan,License plate frame,$45,Luxury
C350e Plug-in Hybrid Sedan,Heated front seats,$580,Luxury
C350e Plug-in Hybrid Sedan,Heated and ventilated front seats,"$1,030",Luxury
C350e Plug-in Hybrid Sedan,Wood/leather steering wheel,$500,Luxury
C350e Plug-in Hybrid Sedan,Heated steering wheel,$250,Luxury
C350e Plug-in Hybrid Sedan,Power rear-window sunshade,$440,Luxury
C350e Plug-in Hybrid Sedan,Rear-side window sunshades,$380,Luxury
C350e Plug-in Hybrid Sedan,Topstitched MB-Tex upper dash trim,$350,Luxury
C350e Plug-in Hybrid Sedan,Cabin atomizer fragrances,$130,Luxury
C350e Plug-in Hybrid Sedan,Parking Assist Package,"$1,090",Luxury
C350e Plug-in Hybrid Sedan,Wheel Locks,$150,Luxury
AMG C43 Cabriolet,AMG Exterior Carbon Fiber Package,"$1,750",Luxury
AMG C43 Cabriolet,AMG Carbon Fiber Rear Spoiler,$700,Luxury
AMG C43 Cabriolet,Illuminated Star,$550,Luxury
AMG C43 Cabriolet,"Mirror Housing Cover, Carbon Fiber Look",$250,Luxury
AMG C43 Cabriolet,Chrome Door Handle Inserts,$70,Luxury
AMG C43 Cabriolet,Chrome Rear Trim,$200,Luxury
AMG C43 Cabriolet,AMG Additional Flics,$245,Luxury
AMG C43 Cabriolet,AMG Rear Apron Trim Diffuser,"$1,000",Luxury
AMG C43 Cabriolet,AMG Side Sill Panels,"$1,100",Luxury
AMG C43 Cabriolet,Wheel hub inserts,$25,Luxury
AMG C43 Cabriolet,Tire valve stem caps,$20,Luxury
AMG C43 Cabriolet,License Plate Frames,$45,Luxury
AMG C43 Cabriolet,Ventilated front seats,$450,Luxury
AMG C43 Cabriolet,AMG Nappa/DINAMICA Performance steering wheel,$500,Luxury
AMG C43 Cabriolet,AMG Performance front seats,"$2,000",Luxury
AMG C43 Cabriolet,Red seat belts,$0,Luxury
AMG C43 Cabriolet,AMG Door Pins,$50,Luxury
AMG C43 Cabriolet,Parking Assist Package,"$1,090",Luxury
AMG C43 Cabriolet,AMG Performance Exhaust System,"$1,250",Luxury
AMG C43 Cabriolet,Wheel Locks,$150,Luxury
AMG C43 Cabriolet,Illuminated Star,$550,Luxury
AMG C43 Cabriolet,AMG Night Package,$200,Luxury
AMG C43 Cabriolet,AMG Exterior Carbon-Fiber Package,"$1,750",Luxury
AMG C43 Cabriolet,AMG carbon fiber rear spoiler,$700,Luxury
AMG C43 Cabriolet,19-inch 5-spoke alloy wheel,"$1,460",Luxury
AMG C43 Cabriolet,19-inch 10-spoke alloy wheel,"$1,620",Luxury
AMG C43 Cabriolet,18-inch Multi-spoke alloy wheels,"$1,340",Luxury
AMG C43 Cabriolet,19-inch 6-spoke Alloy Wheels,"$2,140",Luxury
AMG C43 Cabriolet,19-inch 5-twin-spoke Alloy Wheels,"$1,680",Luxury
AMG C43 Cabriolet,17-inch 5-spoke Alloy Wheels,"$1,800",Luxury
AMG C43 Cabriolet,Front Apron Spoiler Lip,$590,Luxury
AMG C43 Cabriolet,Wheel hub inserts,$25,Luxury
AMG C43 Cabriolet,AMG Heritage Hub Cap Inserts,$215,Luxury
AMG C43 Cabriolet,Tire valve stem caps,$20,Luxury
AMG C43 Cabriolet,License Plate Frames,$45,Luxury
AMG C43 Cabriolet,Ventilated front seats,$450,Luxury
AMG C43 Cabriolet,AMG Performance Nappa/DINAMICA steering wheel,$500,Luxury
AMG C43 Cabriolet,AMG Performance front seats,"$2,500",Luxury
AMG C43 Cabriolet,Cabin atomizer fragrances,$130,Luxury
AMG C43 Cabriolet,Parking Assist Package,$925,Luxury
AMG C43 Cabriolet,Wheel Locks,$150,Luxury
AMG C43 Cabriolet,AMG Performance Exhaust System,"$1,250",Luxury
AMG C43 Cabriolet,Premium 2 Package,"$1,700",Luxury
AMG C43 Cabriolet,Premium 3 Package,"$4,150",Luxury
AMG C43 Cabriolet,Premium 4 Package,"$7,400",Luxury
AMG C43 Cabriolet,Garmin® MAP PILOT,$625,Luxury
AMG C43 Cabriolet,AMG Head-Up Display,$990,Luxury
AMG C43 Cabriolet,Media Interface consumer cable kit NTG5,$70,Luxury
AMG C43 Cabriolet,"Media Interface consumer cable, iPod® NTG5",$35,Luxury
AMG C43 Cabriolet,"Media Interface consumer cable, micro USB, NTG5",$20,Luxury
AMG C43 Cabriolet,"Media Interface consumer cable, Lightning, NTG5",$35,Luxury
AMG C43 Cabriolet,Parking Assist Package,"$1,090",Luxury
AMG C43 Cabriolet,AMG Performance Exhaust System,"$1,250",Luxury
AMG C43 Cabriolet,Wheel Locks,$150,Luxury
AMG C43 Cabriolet,"mbrace® Connect
5-year Complimentary service",$0,Luxury
AMG C43 Cabriolet,"mbrace Secure
6-month free trial",$199,Luxury
AMG C43 Cabriolet,"mbrace Concierge
3-month free trial",$20,Luxury
AMG C43 Cabriolet,"mbrace Entertain
3-month free trial",$18,Luxury
AMG C43 Cabriolet,"mbrace Bundle (Concierge & Entertain)
3-month free trial",$28,Luxury
AMG C43 Cabriolet,Panorama roof,"$1,480",Luxury
AMG C43 Cabriolet,AMG carbon fiber rear spoiler,$700,Luxury
AMG C43 Cabriolet,Night Package,$200,Luxury
AMG C43 Cabriolet,Illuminated Star,$550,Luxury
AMG C43 Cabriolet,Chrome Door Handle Inserts,$100,Luxury
AMG C43 Cabriolet,AMG Rear Flics,$310,Luxury
AMG C43 Cabriolet,AMG Front Splitter,$780,Luxury
AMG C43 Cabriolet,AMG Rear Apron Trim,$810,Luxury
AMG C43 Cabriolet,AMG Side Sill Panels,"$1,100",Luxury
AMG C43 Cabriolet,Wheel hub inserts,$25,Luxury
AMG C43 Cabriolet,AMG Heritage Hub Cap Inserts,$215,Luxury
AMG C43 Cabriolet,Tire valve stem caps,$20,Luxury
AMG C43 Cabriolet,License plate frame,$45,Luxury
AMG C43 Cabriolet,Ventilated front seats,$450,Luxury
AMG C43 Cabriolet,Power rear-window sunshade,$440,Luxury
AMG C43 Cabriolet,AMG Performance front seats,"$2,500",Luxury
AMG C43 Cabriolet,AMG Nappa/DINAMICA Performance steering wheel,$500,Luxury
AMG C43 Cabriolet,Rear-side window sunshades,$380,Luxury
AMG C43 Cabriolet,designo AMG Performance front seats,$0,Luxury
AMG C43 Cabriolet,Cabin atomizer fragrances,$130,Luxury
AMG C43 Cabriolet,Parking Assist Package,"$1,090",Luxury
AMG C43 Cabriolet,AMG Performance Exhaust System,"$1,250",Luxury
AMG C43 Cabriolet,Wheel Locks,$150,Luxury
AMG C63 Cabriolet,AMG Night Package,$750,Luxury
AMG C63 Cabriolet,AMG Exterior Carbon Fiber Package 1,"$2,950",Luxury
AMG C63 Cabriolet,AMG Exterior Carbon Fiber Package 2,"$1,750",Luxury
AMG C63 Cabriolet,AMG Carbon Fiber Rear Spoiler,$700,Luxury
AMG C63 Cabriolet,Illuminated Star,$550,Luxury
AMG C63 Cabriolet,"Mirror Housing Cover, Black",$250,Luxury
AMG C63 Cabriolet,"Mirror Housing Cover, Carbon Fiber Look",$250,Luxury
AMG C63 Cabriolet,Chrome Door Handle Inserts,$70,Luxury
AMG C63 Cabriolet,Chrome Rear Trim,$200,Luxury
AMG C63 Cabriolet,AMG Additional Flics,$245,Luxury
AMG C63 Cabriolet,AMG Rear Apron Trim Diffuser,"$1,000",Luxury
AMG C63 Cabriolet,AMG Side Sill Panels,"$1,100",Luxury
AMG C63 Cabriolet,Wheel hub inserts,$25,Luxury
AMG C63 Cabriolet,AMG Heritag Hub Cap Inserts,$215,Luxury
AMG C63 Cabriolet,Tire valve stem caps,$20,Luxury
AMG C63 Cabriolet,License Plate Frames,$45,Luxury
AMG C63 Cabriolet,Ventilated front seats,$450,Luxury
AMG C63 Cabriolet,AMG Nappa/DINAMICA Performance steering wheel,$500,Luxury
AMG C63 Cabriolet,AMG Performance front seats,"$2,000",Luxury
AMG C63 Cabriolet,Red seat belts,$500,Luxury
AMG C63 Cabriolet,AMG Door Pins,$50,Luxury
AMG C63 Cabriolet,Parking Assist Package,"$1,090",Luxury
AMG C63 Cabriolet,AMG Performance Exhaust System,"$1,250",Luxury
AMG C63 Cabriolet,Wheel Locks,$150,Luxury
AMG C63 S Cabriolet,AMG Night Package,$750,Luxury
AMG C63 S Cabriolet,AMG Exterior Carbon Fiber Package 1,"$2,950",Luxury
AMG C63 S Cabriolet,AMG Exterior Carbon Fiber Package 2,"$1,750",Luxury
AMG C63 S Cabriolet,AMG Carbon Fiber Rear Spoiler,$700,Luxury
AMG C63 S Cabriolet,Illuminated Star,$550,Luxury
AMG C63 S Cabriolet,"Mirror Housing Cover, Black",$250,Luxury
AMG C63 S Cabriolet,"Mirror Housing Cover, Carbon Fiber Look",$250,Luxury
AMG C63 S Cabriolet,Chrome Door Handle Inserts,$70,Luxury
AMG C63 S Cabriolet,Chrome Rear Trim,$200,Luxury
AMG C63 S Cabriolet,AMG Additional Flics,$245,Luxury
AMG C63 S Cabriolet,AMG Rear Apron Trim Diffuser,"$1,000",Luxury
AMG C63 S Cabriolet,AMG Side Sill Panels,"$1,100",Luxury
AMG C63 S Cabriolet,Wheel hub inserts,$25,Luxury
AMG C63 S Cabriolet,AMG Heritag Hub Cap Inserts,$215,Luxury
AMG C63 S Cabriolet,Tire valve stem caps,$20,Luxury
AMG C63 S Cabriolet,License Plate Frames,$45,Luxury
AMG C63 S Cabriolet,Ventilated front seats,$450,Luxury
AMG C63 S Cabriolet,AMG Performance front seats,"$2,000",Luxury
AMG C63 S Cabriolet,Replace silver seatbelts with black,$0,Luxury
AMG C63 S Cabriolet,Red seat belts,$500,Luxury
AMG C63 S Cabriolet,AMG Door Pins,$50,Luxury
AMG C63 S Cabriolet,Parking Assist Package,"$1,090",Luxury
AMG C63 S Cabriolet,AMG Performance Exhaust System,"$1,250",Luxury
AMG C63 S Cabriolet,AMG Carbon-Ceramic braking system,"$5,450",Luxury
AMG C63 S Cabriolet,Wheel Locks,$150,Luxury
AMG C63 Coupe,Illuminated Star,$550,Luxury
AMG C63 Coupe,AMG Night Package,$750,Luxury
AMG C63 Coupe,AMG Exterior Carbon Fiber Package 1,"$2,950",Luxury
AMG C63 Coupe,AMG Exterior Carbon-Fiber Package 2,"$1,750",Luxury
AMG C63 Coupe,Rear Chrome Tim,$200,Luxury
AMG C63 Coupe,Chrome Door Handle Inserts,$70,Luxury
AMG C63 Coupe,Wheel hub inserts,$25,Luxury
AMG C63 Coupe,AMG Heritage Hub Cap Inserts,$215,Luxury
AMG C63 Coupe,Tire valve stem caps,$20,Luxury
AMG C63 Coupe,License Plate Frames,$45,Luxury
AMG C63 Coupe,Ventilated front seats,$450,Luxury
AMG C63 Coupe,Red seat belts,$500,Luxury
AMG C63 Coupe,AMG Performance Nappa/DINAMICA steering wheel,$500,Luxury
AMG C63 Coupe,AMG Performance front seats,"$2,500",Luxury
AMG C63 Coupe,Cabin atomizer fragrances,$130,Luxury
AMG C63 Coupe,Parking Assist Package,$925,Luxury
AMG C63 Coupe,AMG Performance Exhaust,"$1,250",Luxury
AMG C63 S Coupe,Illuminated Star,$550,Luxury
AMG C63 S Coupe,AMG Night Package,$750,Luxury
AMG C63 S Coupe,AMG Exterior Carbon Fiber Package 1,"$2,950",Luxury
AMG C63 S Coupe,AMG Exterior Carbon Fiber Package 2,"$1,750",Luxury
AMG C63 S Coupe,Chrome Door Handle Inserts,$70,Luxury
AMG C63 S Coupe,Wheel hub inserts,$25,Luxury
AMG C63 S Coupe,AMG Heritage Hub Cap Inserts,$215,Luxury
AMG C63 S Coupe,Tire valve stem caps,$20,Luxury
AMG C63 S Coupe,License Plate Frames,$45,Luxury
AMG C63 S Coupe,AMG Performance front seats,"$2,500",Luxury
AMG C63 S Coupe,Ventilated front seats,$450,Luxury
AMG C63 S Coupe,Black seat belts,$0,Luxury
AMG C63 S Coupe,Red seat belts,$500,Luxury
AMG C63 S Coupe,Cabin atomizer fragrances,$130,Luxury
AMG C63 S Coupe,Parking Assist Package,$925,Luxury
AMG C63 S Coupe,AMG Performance Exhaust,"$1,250",Luxury
AMG C63 S Coupe,AMG Carbon-Ceramic Front Braking System,"$5,450",Luxury
AMG C63 S Coupe,Extreme-performance sport tires,$600,Luxury
AMG C63 Sedan,Premium 3 Package,"$2,450",Luxury
AMG C63 Sedan,Premium 4 Package,"$5,700",Luxury
AMG C63 Sedan,AMG Head-Up Display,$990,Luxury
AMG C63 Sedan,Garmin® MAP PILOT,$625,Luxury
AMG C63 Sedan,Media Interface consumer cable kit NTG5,$70,Luxury
AMG C63 Sedan,"Media Interface consumer cable, iPod® NTG5",$35,Luxury
AMG C63 Sedan,"Media Interface consumer cable, micro USB, NTG5",$20,Luxury
AMG C63 Sedan,"Media Interface consumer cable, Lightning, NTG5",$35,Luxury
AMG C63 Sedan,Parking Assist Package,"$1,090",Luxury
AMG C63 Sedan,AMG Performance Exhaust System,"$1,250",Luxury
AMG C63 Sedan,Wheel Locks,$150,Luxury
AMG C63 Sedan,"mbrace® Connect
5-year Complimentary service",$0,Luxury
AMG C63 Sedan,"mbrace Secure
6-month free trial",$199,Luxury
AMG C63 Sedan,"mbrace Concierge
3-month free trial",$20,Luxury
AMG C63 Sedan,"mbrace Entertain
3-month free trial",$18,Luxury
AMG C63 Sedan,"mbrace Bundle (Concierge & Entertain)
3-month free trial",$28,Luxury
AMG C63 Sedan,Panorama roof,"$1,480",Luxury
AMG C63 Sedan,AMG carbon fiber rear spoiler,$700,Luxury
AMG C63 Sedan,AMG Night Package,$750,Luxury
AMG C63 Sedan,AMG Exterior Carbon Fiber Package,"$1,750",Luxury
AMG C63 Sedan,Illuminated Star,$550,Luxury
AMG C63 Sedan,Chrome Door Handle Inserts,$100,Luxury
AMG C63 Sedan,AMG Rear Flics,$310,Luxury
AMG C63 Sedan,AMG Front Splitter,$780,Luxury
AMG C63 Sedan,AMG Rear Apron Trim,$810,Luxury
AMG C63 Sedan,AMG Side Sill Panels,"$1,100",Luxury
AMG C63 Sedan,Wheel hub inserts,$25,Luxury
AMG C63 Sedan,AMG Heritage Hub Cap Inserts,$215,Luxury
AMG C63 Sedan,Tire valve stem caps,$20,Luxury
AMG C63 Sedan,License plate frame,$45,Luxury
AMG C63 Sedan,Ventilated front seats,$450,Luxury
AMG C63 Sedan,Red seat belts,$500,Luxury
AMG C63 Sedan,Power rear-window sunshade,$440,Luxury
AMG C63 Sedan,AMG Performance front seats,"$2,500",Luxury
AMG C63 Sedan,AMG Nappa/DINAMICA Performance steering wheel,$500,Sporty
AMG C63 Sedan,Rear-side window sunshades,$380,Sporty
AMG C63 Sedan,Cabin atomizer fragrances,$130,Sporty
AMG C63 Sedan,Parking Assist Package,"$1,090",Sporty
AMG C63 Sedan,AMG Performance Exhaust System,"$1,250",Sporty
AMG C63 Sedan,Wheel Locks,$150,Sporty
AMG C63 S Sedan,Premium 3 Package,"$2,450",Sporty
AMG C63 S Sedan,Premium 4 Package,"$5,700",Sporty
AMG C63 S Sedan,AMG Head-Up Display,$990,Sporty
AMG C63 S Sedan,Garmin® MAP PILOT,$625,Sporty
AMG C63 S Sedan,Media Interface consumer cable kit NTG5,$70,Sporty
AMG C63 S Sedan,"Media Interface consumer cable, iPod® NTG5",$35,Sporty
AMG C63 S Sedan,"Media Interface consumer cable, micro USB, NTG5",$20,Sporty
AMG C63 S Sedan,"Media Interface consumer cable, Lightning, NTG5",$35,Sporty
AMG C63 S Sedan,Parking Assist Package,"$1,090",Sporty
AMG C63 S Sedan,AMG Performance Exhaust System,"$1,250",Sporty
AMG C63 S Sedan,AMG Carbon-Ceramic Front Braking System,"$5,450",Sporty
AMG C63 S Sedan,Wheel Locks,$150,Sporty
AMG C63 S Sedan,"mbrace® Connect
5-year Complimentary service",$0,Sporty
AMG C63 S Sedan,"mbrace Secure
6-month free trial",$199,Sporty
AMG C63 S Sedan,"mbrace Concierge
3-month free trial",$20,Sporty
AMG C63 S Sedan,"mbrace Entertain
3-month free trial",$18,Sporty
AMG C63 S Sedan,"mbrace Bundle (Concierge & Entertain)
3-month free trial",$28,Sporty
AMG C63 S Sedan,Panorama roof,"$1,480",Sporty
AMG C63 S Sedan,AMG carbon fiber rear spoiler,$700,Sporty
AMG C63 S Sedan,AMG Night Package,$750,Sporty
AMG C63 S Sedan,AMG Exterior Carbon Fiber Package,"$1,750",Sporty
AMG C63 S Sedan,Illuminated Star,$550,Sporty
AMG C63 S Sedan,Chrome Door Handle Inserts,$100,Sporty
AMG C63 S Sedan,AMG Rear Flics,$310,Sporty
AMG C63 S Sedan,AMG Front Splitter,$780,Sporty
AMG C63 S Sedan,AMG Rear Apron Trim,$810,Sporty
AMG C63 S Sedan,AMG Side Sill Panels,"$1,100",Sporty
AMG C63 S Sedan,Wheel hub inserts,$25,Sporty
AMG C63 S Sedan,AMG Heritage Hub Cap Inserts,$215,Sporty
AMG C63 S Sedan,Tire valve stem caps,$20,Sporty
AMG C63 S Sedan,License plate frame,$45,Sporty
CLA250 Coupe,Premium Package,"$2,350",Sporty
CLA250 Coupe,Convenience Package,$500,Sporty
CLA250 Coupe,Multimedia Package,"$2,300",Sporty
CLA250 Coupe,Smartphone Integration Package,$350,Sporty
CLA250 Coupe,Heated front seats,$580,Sporty
CLA250 Coupe,KEYLESS-GO,$550,Sporty
CLA250 Coupe,harman/kardon LOGIC7® surround sound system,$850,Sporty
CLA250 Coupe,Garmin® MAP PILOT,$625,Sporty
CLA250 Coupe,Media Interface consumer cable kit NTG5,$70,Sporty
CLA250 Coupe,"Media Interface consumer cable, iPod® NTG5",$35,Sporty
CLA250 Coupe,"Media Interface consumer cable, micro USB, NTG5",$20,Sporty
CLA250 Coupe,"Media Interface consumer cable, Lightning, NTG5",$35,Sporty
CLA250 Coupe,Driver Assistance Package,"$1,500",Sporty
CLA250 Coupe,Adjustable suspension,$850,Sporty
CLA250 Coupe,Parking Pilot,$970,Sporty
CLA250 Coupe,Blind Spot Assist,$550,Sporty
CLA250 Coupe,Wheel locks,$150,Sporty
CLA250 Coupe,"mbrace® Connect
5-year Complimentary service",$0,Sporty
CLA250 Coupe,"mbrace Secure
6-month free trial",$199,Sporty
CLA250 Coupe,"mbrace Concierge
3-month free trial",$20,Sporty
CLA250 Coupe,"mbrace Entertain
3-month free trial",$18,Sporty
CLA250 Coupe,"mbrace Bundle (Concierge & Entertain)
3-month free trial",$28,Sporty
CLA250 Coupe,Panorama roof,"$1,480",Sporty
CLA250 Coupe,LED headlamps and taillamps,$850,Sporty
CLA250 Coupe,Illuminated Star,$550,Sporty
CLA250 Coupe,Carbon Fiber Look Mirror Housing,$250,Sporty
CLA250 Coupe,Rear spoiler,$300,Sporty
CLA250 Coupe,17-inch twin 5-spoke wheels,"$1,700",Sporty
CLA250 Coupe,18-inch twin 5-spoke wheels,"$1,860",Sporty
CLA250 Coupe,18-inch 5-triple-spoke wheels,"$1,960",Sporty
CLA250 Coupe,18-inch AMG 5-spoke wheels,"$1,860",Sporty
CLA250 Coupe,Tire valve stem caps,$20,Sporty
CLA250 Coupe,Wheel Hub Inserts,$25,Sporty
CLA250 Coupe,AMG Heritage Hub Cap Inserts,$215,Sporty
CLA250 Coupe,License plate frame,$45,Sporty
CLA250 Coupe,Exterior Mirror Housing,$200,Sporty
CLA250 Coupe,Interior Package,"$1,650",Sporty
CLA250 Coupe,Multicolor ambient cabin lighting,$155,Sporty
CLA250 Coupe,Illuminated Door Sill Panels,$500,Sporty
CLA250 Coupe,AMG Door Pins,$50,Sporty
CLA250 Coupe,Driver Assistance Package,"$1,500",Sporty
CLA250 Coupe,Adjustable suspension,$850,Sporty
CLA250 Coupe,Parking Pilot,$970,Sporty
CLA250 Coupe,Blind Spot Assist,$550,Sporty
CLA250 Coupe,Wheel locks,$150,Sporty
CLA250 4MATIC Coupe,Premium Package,"$2,350",Sporty
CLA250 4MATIC Coupe,Convenience Package,$500,Sporty
CLA250 4MATIC Coupe,Multimedia Package,"$2,300",Sporty
CLA250 4MATIC Coupe,Smartphone Integration Package,$350,Sporty
CLA250 4MATIC Coupe,Heated front seats,$580,Sporty
CLA250 4MATIC Coupe,KEYLESS-GO,$550,Sporty
CLA250 4MATIC Coupe,harman/kardon LOGIC7® surround sound system,$850,Sporty
CLA250 4MATIC Coupe,Garmin® MAP PILOT,$625,Sporty
CLA250 4MATIC Coupe,Media Interface consumer cable kit NTG5,$70,Sporty
CLA250 4MATIC Coupe,"Media Interface consumer cable, iPod® NTG5",$35,Sporty
CLA250 4MATIC Coupe,"Media Interface consumer cable, micro USB, NTG5",$20,Sporty
CLA250 4MATIC Coupe,"Media Interface consumer cable, Lightning, NTG5",$35,Sporty
CLA250 4MATIC Coupe,Driver Assistance Package,"$1,500",Sporty
CLA250 4MATIC Coupe,Adjustable suspension,$850,Sporty
CLA250 4MATIC Coupe,Parking Pilot,$970,Sporty
CLA250 4MATIC Coupe,Blind Spot Assist,$550,Sporty
CLA250 4MATIC Coupe,Wheel locks,$150,Sporty
CLA250 4MATIC Coupe,"mbrace® Connect
5-year Complimentary service",$0,Sporty
CLA250 4MATIC Coupe,"mbrace Secure
6-month free trial",$199,Sporty
CLA250 4MATIC Coupe,"mbrace Concierge
3-month free trial",$20,Sporty
CLA250 4MATIC Coupe,"mbrace Entertain
3-month free trial",$18,Sporty
CLA250 4MATIC Coupe,"mbrace Bundle (Concierge & Entertain)
3-month free trial",$28,Sporty
CLA250 4MATIC Coupe,Panorama roof,"$1,480",Sporty
CLA250 4MATIC Coupe,LED headlamps and taillamps,$850,Sporty
CLA250 4MATIC Coupe,Illuminated Star,$550,Sporty
CLA250 4MATIC Coupe,Carbon Fiber Look Mirror Housing,$250,Sporty
CLA250 4MATIC Coupe,Rear spoiler,$300,Sporty
CLA250 4MATIC Coupe,17-inch twin 5-spoke wheels,"$1,700",Sporty
CLA250 4MATIC Coupe,18-inch twin 5-spoke wheels,"$1,860",Sporty
CLA250 4MATIC Coupe,18-inch 5-triple-spoke wheels,"$1,960",Sporty
CLA250 4MATIC Coupe,18-inch AMG 5-spoke wheels,"$1,860",Sporty
CLA250 4MATIC Coupe,Tire valve stem caps,$20,Sporty
CLA250 4MATIC Coupe,Wheel Hub Inserts,$25,Sporty
CLA250 4MATIC Coupe,AMG Heritage Hub Cap Inserts,$215,Sporty
CLA250 4MATIC Coupe,License plate frame,$45,Sporty
CLA250 4MATIC Coupe,Exterior Mirror Housing,$200,Sporty
CLA250 4MATIC Coupe,Interior Package,"$1,650",Sporty
CLA250 4MATIC Coupe,Multicolor ambient cabin lighting,$155,Sporty
CLA250 4MATIC Coupe,Illuminated Door Sill Panels,$500,Sporty
CLA250 4MATIC Coupe,AMG Door Pins,$50,Sporty
CLA250 4MATIC Coupe,Driver Assistance Package,"$1,500",Sporty
CLA250 4MATIC Coupe,Adjustable suspension,$850,Sporty
CLA250 4MATIC Coupe,Parking Pilot,$970,Sporty
CLA250 4MATIC Coupe,Blind Spot Assist,$550,Sporty
CLA250 4MATIC Coupe,Wheel locks,$150,Sporty
AMG CLA45 Coupe,Premium Package,"$2,350",Sporty
AMG CLA45 Coupe,Convenience Package,$500,Sporty
AMG CLA45 Coupe,Multimedia Package,"$2,300",Sporty
AMG CLA45 Coupe,Smartphone Integration Package,$350,Sporty
AMG CLA45 Coupe,Heated front seats,$580,Sporty
AMG CLA45 Coupe,KEYLESS-GO,$550,Sporty
AMG CLA45 Coupe,harman/kardon LOGIC7® surround sound system,$850,Sporty
AMG CLA45 Coupe,Garmin® MAP PILOT,$625,Sporty
AMG CLA45 Coupe,Media Interface consumer cable kit NTG5,$70,Sporty
AMG CLA45 Coupe,"Media Interface consumer cable, iPod® NTG5",$35,Sporty
AMG CLA45 Coupe,"Media Interface consumer cable, micro USB, NTG5",$20,Sporty
AMG CLA45 Coupe,"Media Interface consumer cable, Lightning, NTG5",$35,Sporty
AMG CLA45 Coupe,Driver Assistance Package,"$1,500",Sporty
AMG CLA45 Coupe,AMG DYNAMIC PLUS Package,"$2,800",Sporty
AMG CLA45 Coupe,Parking Pilot,$970,Sporty
AMG CLA45 Coupe,Blind Spot Assist,$550,Sporty
AMG CLA45 Coupe,AMG RIDE CONTROL Sport Suspension,$850,Sporty
AMG CLA45 Coupe,Red-painted brake calipers,$300,Sporty
AMG CLA45 Coupe,AMG Performance exhaust system,$650,Sporty
AMG CLA45 Coupe,Wheel locks,$150,Sporty
AMG CLA45 Coupe,"mbrace® Connect
5-year Complimentary service",$0,Sporty
AMG CLA45 Coupe,"mbrace Secure
6-month free trial",$199,Sporty
AMG CLA45 Coupe,"mbrace Concierge
3-month free trial",$20,Sporty
AMG CLA45 Coupe,"mbrace Entertain
3-month free trial",$18,Sporty
AMG CLA45 Coupe,"mbrace Bundle (Concierge & Entertain)
3-month free trial",$28,Sporty
AMG CLA45 Coupe,Panorama roof,"$1,480",Sporty
AMG CLA45 Coupe,AMG carbon fiber mirror covers,"$1,200",Sporty
AMG CLA45 Coupe,Illuminated Star,$550,Sporty
AMG CLA45 Coupe,Red-painted brake calipers,$300,Sporty
AMG CLA45 Coupe,Carbon Fiber Look Mirror Housing,$250,Sporty
AMG CLA45 Coupe,Tire valve stem caps,$20,Sporty
AMG CLA45 Coupe,Wheel Hub Inserts,$25,Sporty
AMG CLA45 Coupe,AMG Heritage Hub Cap Inserts,$215,Sporty
AMG CLA45 Coupe,License plate frame,$45,Sporty
AMG CLA45 Coupe,Exterior Mirror Housing,$200,Sporty
AMG CLA45 Coupe,AMG Performance front seats by Recaro,"$2,250",Sporty
AMG CLA45 Coupe,Multicolor ambient cabin lighting,$155,Sporty
AMG CLA45 Coupe,AMG Performance steering wheel (Nappa/DINAMICA),$500,Sporty
AMG CLA45 Coupe,AMG illuminated front door sills,$350,Sporty
AMG CLA45 Coupe,AMG Door Pins,$50,Sporty
AMG CLA45 Coupe,Driver Assistance Package,"$1,500",Sporty
AMG CLA45 Coupe,AMG DYNAMIC PLUS Package,"$2,800",Sporty
AMG CLA45 Coupe,Parking Pilot,$970,Sporty
AMG CLA45 Coupe,Blind Spot Assist,$550,Sporty
AMG CLA45 Coupe,AMG RIDE CONTROL Sport Suspension,$850,Sporty
AMG CLA45 Coupe,Red-painted brake calipers,$300,Sporty
AMG CLA45 Coupe,AMG Performance exhaust system,$650,Sporty
AMG CLA45 Coupe,Wheel locks,$150,Sporty
2016 CLS400 Coupe,Wheel Package,$490,Sporty
2016 CLS400 Coupe,19-inch 10-spoke alloy wheels,"$3,860",Sporty
2016 CLS400 Coupe,18-inch 10-spoke alloy wheels,"$2,130",Sporty
2016 CLS400 Coupe,Wheel hub inserts,$20,Sporty
2016 CLS400 Coupe,Tire valve stem caps,$19,Sporty
2016 CLS400 Coupe,License plate frame,$40,Sporty
2016 CLS400 Coupe,Wood/leather steering wheel,$590,Sporty
2016 CLS400 Coupe,Heated steering wheel,$250,Sporty
2016 CLS400 Coupe,Lane Tracking Package,$875,Sporty
2016 CLS400 Coupe,Driver Assistance Package,"$2,800",Sporty
2016 CLS400 Coupe,Parking Assist Package,"$1,290",Sporty
2016 CLS400 Coupe,AIRMATIC semi-active air suspension,"$1,610",Sporty
2016 CLS400 4MATIC Coupe,Wheel Package,$490,Sporty
2016 CLS400 4MATIC Coupe,19-inch 10-spoke alloy wheels,"$3,860",Sporty
2016 CLS400 4MATIC Coupe,18-inch 10-spoke alloy wheels,"$2,130",Sporty
2016 CLS400 4MATIC Coupe,Wheel hub inserts,$20,Sporty
2016 CLS400 4MATIC Coupe,Tire valve stem caps,$19,Sporty
2016 CLS400 4MATIC Coupe,License plate frame,$40,Sporty
2016 CLS400 4MATIC Coupe,Wood/leather steering wheel,$590,Sporty
2016 CLS400 4MATIC Coupe,Heated steering wheel,$250,Sporty
2016 CLS400 4MATIC Coupe,Lane Tracking Package,$875,Sporty
2016 CLS400 4MATIC Coupe,Driver Assistance Package,"$2,800",Sporty
2016 CLS400 4MATIC Coupe,Parking Assist Package,"$1,290",Sporty
2016 CLS400 4MATIC Coupe,AIRMATIC semi-active air suspension,"$1,610",Sporty
CLS550 Coupe,Illuminated Star,$550,Sporty
CLS550 Coupe,Rear spoiler,$400,Sporty
CLS550 Coupe,18-inch 10-spoke alloy wheels,"$2,140",Sporty
CLS550 Coupe,Wheel hub inserts,$25,Sporty
CLS550 Coupe,Tire valve stem caps,$20,Sporty
CLS550 Coupe,License plate frame,$45,Sporty
CLS550 Coupe,AMG Heritage Hub Cap Inserts,$215,Sporty
CLS550 Coupe,Wood/leather steering wheel,$590,Sporty
CLS550 Coupe,Heated steering wheel,$250,Sporty
CLS550 Coupe,Illuminated door sills,$800,Sporty
CLS550 Coupe,Lane Tracking Package,$875,Sporty
CLS550 Coupe,Driver Assistance Package,"$2,250",Sporty
CLS550 Coupe,Parking Assist Package,"$1,290",Sporty
CLS550 Coupe,Wheel locks,$150,Sporty
CLS550 4MATIC Coupe,Illuminated Star,$550,Sporty
CLS550 4MATIC Coupe,Rear spoiler,$400,Sporty
CLS550 4MATIC Coupe,19-inch 10-spoke alloy wheels,"$3,860",Sporty
CLS550 4MATIC Coupe,18-inch 10-spoke alloy wheels,"$2,140",Sporty
CLS550 4MATIC Coupe,Wheel hub inserts,$25,Sporty
CLS550 4MATIC Coupe,Tire valve stem caps,$20,Sporty
CLS550 4MATIC Coupe,License plate frame,$45,Sporty
CLS550 4MATIC Coupe,AMG Heritage Hub Cap Inserts,$215,Sporty
CLS550 4MATIC Coupe,Wood/leather steering wheel,$590,Sporty
CLS550 4MATIC Coupe,Heated steering wheel,$250,Sporty
CLS550 4MATIC Coupe,Illuminated door sills,$800,Sporty
CLS550 4MATIC Coupe,Lane Tracking Package,$875,Sporty
CLS550 4MATIC Coupe,Driver Assistance Package,"$2,250",Sporty
CLS550 4MATIC Coupe,Parking Assist Package,"$1,290",Sporty
CLS550 4MATIC Coupe,Wheel locks,$150,Sporty
AMG CLS63 S Coupe,AMG Exterior Carbon Fiber Package,"$5,500",Sporty
AMG CLS63 S Coupe,AMG Night Styling Package,$750,Sporty
AMG CLS63 S Coupe,Illuminated Star,$550,Sporty
AMG CLS63 S Coupe,Wheel hub inserts,$25,Sporty
AMG CLS63 S Coupe,Tire valve stem caps,$20,Sporty
AMG CLS63 S Coupe,License plate frame,$45,Sporty
AMG CLS63 S Coupe,AMG Heritage Hub Cap Inserts,$215,Sporty
E300 Sedan,Premium 1 Package,"$3,950",Sporty
E300 Sedan,Premium 2 Package,"$7,650",Sporty
E300 Sedan,Premium 3 Package,"$11,250",Sporty
E300 Sedan,Heated front seats,$750,Sporty
E300 Sedan,Heated and ventilated front seats,$450,Sporty
E300 Sedan,12.3-inch widescreen instrument cluster,$850,Sporty
E300 Sedan,Burmester High-End 3D Surround Sound system,"$4,550",Sporty
E300 Sedan,Comfort box,$300,Sporty
E300 Sedan,Acoustic Comfort Package,"$1,100",Sporty
E300 Sedan,Household-type 115V power outlet,$115,Sporty
E300 Sedan,SiriusXM Radio with 6-month All Access trial,$460,Sporty
E300 Sedan,Adaptive Highbeam Assist,$250,Sporty
E300 Sedan,Media Interface consumer cable kit NTG5,$70,Sporty
E300 Sedan,"Media Interface consumer cable, iPod® NTG5",$35,Sporty
E300 Sedan,"Media Interface consumer cable, micro USB, NTG5",$20,Sporty
E300 Sedan,Parking Pilot with rearview camera,"$1,050",Sporty
E300 Sedan,AIR BODY CONTROL,"$1,900",Sporty
E300 Sedan,Blind Spot Assist,$550,Sporty
E300 Sedan,Wheel locks,$150,Sporty
E300 Sedan,"mbrace® Connect
5-year Complimentary service",$0,Sporty
E300 Sedan,"mbrace Secure
6-month free trial",$199,Sporty
E300 Sedan,"mbrace Concierge
3-month free trial",$20,Sporty
E300 Sedan,"mbrace Entertain
3-month free trial",$18,Sporty
E300 Sedan,"mbrace Bundle (Concierge & Entertain)
3-month free trial",$28,Sporty
E300 Sedan,Panorama roof,"$1,090",Sporty
E300 Sedan,Illuminated Star,$550,Sporty
E300 Sedan,Rear spoiler,$350,Sporty
E300 Sedan,Chrome Door Handle Inserts,$100,Sporty
E300 Sedan,Accessory Styling Package,$650,Sporty
E300 Sedan,Black Mirror Housing,$250,Sporty
E300 Sedan,19-inch 6-spoke Wheel,"$1,560",Sporty
E300 Sedan,20-inch 5-twin-spoke Wheel,"$1,740",Sporty
E300 Sedan,20-inch Multi-Spoke Wheel,"$1,690",Sporty
E300 Sedan,Roof spoiler,$375,Sporty
E300 Sedan,Wheel hub inserts,$25,Sporty
E300 Sedan,AMG Heritage Hub Cap Inserts,$215,Sporty
E300 Sedan,Tire valve stem caps,$20,Sporty
E300 Sedan,License Plate Frames,$45,Sporty
E300 Sedan,Warmth & Comfort Package,$600,Sporty
E300 Sedan,Wood/leather steering wheel,$590,Sporty
E300 Sedan,Heated steering wheel,$250,Sporty
E300 Sedan,LED Logo Projector,$200,Sporty
E300 Sedan,Cabin atomizer fragrances,$130,Sporty
E300 Sedan,Illuminated Door Sills,$600,Sporty
E300 Sedan,Parking Pilot with rearview camera,"$1,050",Sporty
E300 Sedan,AIR BODY CONTROL,"$1,900",Sporty
E300 Sedan,Blind Spot Assist,$550,Sporty
E300 Sedan,Wheel locks,$150,Sporty
E300 Sedan,Premium 1 Package,"$3,950",Sporty
E300 Sedan,Premium 2 Package,"$7,650",Sporty
E300 Sedan,Premium 3 Package,"$11,250",Sporty
E300 Sedan,Heated front seats,$750,Sporty
E300 Sedan,Heated and ventilated front seats,$450,Sporty
E300 Sedan,12.3-inch widescreen instrument cluster,$850,Sporty
E300 Sedan,Burmester High-End 3D Surround Sound system,"$4,550",Sporty
E300 Sedan,Comfort box,$300,Sporty
E300 Sedan,Acoustic Comfort Package,"$1,100",Sporty
E300 Sedan,Household-type 115V power outlet,$115,Sporty
E300 Sedan,SiriusXM Radio with 6-month All Access trial,$460,Sporty
E300 Sedan,Adaptive Highbeam Assist,$250,Sporty
E300 Sedan,Media Interface consumer cable kit NTG5,$70,Sporty
E300 Sedan,"Media Interface consumer cable, iPod® NTG5",$35,Sporty
E300 Sedan,"Media Interface consumer cable, micro USB, NTG5",$20,Sporty
E300 Sedan,Parking Pilot with rearview camera,"$1,050",Sporty
E300 Sedan,AIR BODY CONTROL,"$1,900",Sporty
E300 Sedan,Blind Spot Assist,$550,Sporty
E300 Sedan,Wheel locks,$150,Sporty
E300 Sedan,"mbrace® Connect
5-year Complimentary service",$0,Sporty
E300 Sedan,"mbrace Secure
6-month free trial",$199,Sporty
E300 Sedan,"mbrace Concierge
3-month free trial",$20,Sporty
E300 Sedan,"mbrace Entertain
3-month free trial",$18,Sporty
E300 Sedan,"mbrace Bundle (Concierge & Entertain)
3-month free trial",$28,Sporty
E300 Sedan,Panorama roof,"$1,090",Sporty
E300 Sedan,Illuminated Star,$550,Sporty
E300 Sedan,Rear spoiler,$350,Sporty
E300 Sedan,Chrome Door Handle Inserts,$100,Sporty
E300 Sedan,Accessory Styling Package,$650,Sporty
E300 Sedan,Black Mirror Housing,$250,Sporty
E300 Sedan,19-inch 6-spoke Wheel,"$1,560",Sporty
E300 Sedan,20-inch 5-twin-spoke Wheel,"$1,740",Sporty
E300 Sedan,20-inch Multi-Spoke Wheel,"$1,690",Sporty
E300 Sedan,Roof spoiler,$375,Sporty
E300 Sedan,Wheel hub inserts,$25,Sporty
E300 Sedan,AMG Heritage Hub Cap Inserts,$215,Sporty
E300 Sedan,Tire valve stem caps,$20,Sporty
E300 Sedan,License Plate Frames,$45,Sporty
E300 Sedan,Warmth & Comfort Package,$600,Sporty
E300 Sedan,Wood/leather steering wheel,$590,Sporty
E300 Sedan,Heated steering wheel,$250,Sporty
E300 Sedan,LED Logo Projector,$200,Sporty
E300 Sedan,Cabin atomizer fragrances,$130,Sporty
E300 Sedan,Illuminated Door Sills,$600,Sporty
E300 Sedan,Parking Pilot with rearview camera,"$1,050",Sporty
E300 Sedan,AIR BODY CONTROL,"$1,900",Sporty
E300 Sedan,Blind Spot Assist,$550,Sporty
E300 Sedan,Wheel locks,$150,Sporty
E400 Cabriolet,Premium 3 Package,"$10,425",Sporty
E400 Cabriolet,Wheel locks,$150,Sporty
E400 Coupe,Illuminated Star,$550,Sporty
E400 Coupe,Rear Spoiler,$350,Sporty
E400 Coupe,Chrome Door Handle Inserts,$70,Sporty
E400 Coupe,Accessory Styling Package,$650,Sporty
E400 Coupe,18-inch two-tone 5-spoke wheels,"$2,080",Sporty
E400 Coupe,18-inch twin 5-spoke wheels,"$2,080",Sporty
E400 Coupe,19-inch 5-spoke wheels,"$2,260",Sporty
E400 Coupe,AMG 19-inch 7-spoke wheels,"$4,400",Sporty
E400 Coupe,Exterior Mirror Housings,$200,Sporty
E400 Coupe,Roof spoiler,$325,Sporty
E400 Coupe,Wheel hub insert,$25,Sporty
E400 Coupe,AMG Heritage Hub Cap Inserts,$215,Sporty
E400 Coupe,Tire valve stem caps,$20,Sporty
E400 Coupe,License Plate Frames,$45,Sporty
E400 Coupe,Wood/leather steering wheel,$590,Sporty
E400 Coupe,Illuminated Door Sills,$750,Sporty
E400 Coupe,Wood/leather sport steering wheel,$590,Sporty
E400 Coupe,AMG Door Pins,$50,Sporty
E400 Coupe,Premium 3 Package,"$10,425",Sporty
E400 Coupe,Wheel locks,$150,Sporty
E400 4MATIC Coupe,Illuminated Star,$550,Sporty
E400 4MATIC Coupe,Rear Spoiler,$350,Sporty
E400 4MATIC Coupe,Chrome Door Handle Inserts,$70,Sporty
E400 4MATIC Coupe,Accessory Styling Package,$650,Sporty
E400 4MATIC Coupe,18-inch two-tone 5-spoke wheels,"$2,080",Sporty
E400 4MATIC Coupe,18-inch twin 5-spoke wheels,"$2,080",Sporty
E400 4MATIC Coupe,19-inch 5-spoke wheels,"$2,260",Sporty
E400 4MATIC Coupe,AMG 19-inch 7-spoke wheels,"$4,400",Sporty
E400 4MATIC Coupe,Exterior Mirror Housings,$200,Sporty
E400 4MATIC Coupe,Roof spoiler,$325,Sporty
E400 4MATIC Coupe,Wheel hub insert,$25,Sporty
E400 4MATIC Coupe,AMG Heritage Hub Cap Inserts,$215,Sporty
E400 4MATIC Coupe,Tire valve stem caps,$20,Sporty
E400 4MATIC Coupe,License Plate Frames,$45,Sporty
E400 4MATIC Coupe,Wood/leather sport steering wheel,$590,Sporty
E400 4MATIC Coupe,Illuminated Door Sills,$750,Sporty
E400 4MATIC Coupe,Wood/leather steering wheel,$590,Sporty
E400 4MATIC Coupe,AMG Door Pins,$50,Sporty
E400 4MATIC Coupe,Premium 3 Package,"$10,425",Sporty
E400 4MATIC Coupe,Wheel locks,$150,Sporty
E400 4MATIC WAGON,Premium 1 Package,"$3,950",Sporty
E400 4MATIC WAGON,Premium 2 Package,"$7,600",Sporty
E400 4MATIC WAGON,Premium 3 Package,"$11,200",Sporty
E400 4MATIC WAGON,Adaptive Highbeam Assist,$250,Sporty
E400 4MATIC WAGON,Heated front seats,$750,Sporty
E400 4MATIC WAGON,Heated and ventilated front seats,$450,Sporty
E400 4MATIC WAGON,12.3-inch widescreen instrument cluster,$850,Sporty
E400 4MATIC WAGON,Acoustic Comfort Package,"$1,100",Sporty
E400 4MATIC WAGON,Media Interface consumer cable kit NTG5,$70,Sporty
E400 4MATIC WAGON,"Media Interface consumer cable, iPod® NTG5",$35,Sporty
E400 4MATIC WAGON,"Media Interface consumer cable, micro USB, NTG5",$20,Sporty
E400 4MATIC WAGON,AIR BODY CONTROL,"$1,900",Sporty
E400 4MATIC WAGON,Blind Spot Assist,$550,Sporty
E400 4MATIC WAGON,Rear side-impact air bags,$420,Sporty
E400 4MATIC WAGON,Wheel locks,$150,Sporty
E400 4MATIC WAGON,"mbrace® Connect
5-year Complimentary service",$0,Sporty
E400 4MATIC WAGON,"mbrace Secure
6-month free trial",$199,Sporty
E400 4MATIC WAGON,"mbrace Concierge
3-month free trial",$20,Sporty
E400 4MATIC WAGON,"mbrace Entertain
3-month free trial",$18,Sporty
E400 4MATIC WAGON,"mbrace Bundle (Concierge & Entertain)
3-month free trial",$28,Sporty
E400 4MATIC WAGON,Panorama roof,"$1,090",Sporty
E400 4MATIC WAGON,Chrome Door Handle Inserts,$90,Sporty
E400 4MATIC WAGON,Illuminated Star,$550,Sporty
E400 4MATIC WAGON,19-inch 6-spoke Wheel,"$1,560",Sporty
E400 4MATIC WAGON,20-inch 5-twin-spoke Wheel,"$1,740",Sporty
E400 4MATIC WAGON,20-inch Multi-Spoke Wheel,"$1,690",Sporty
E400 4MATIC WAGON,Wheel hub inserts,$25,Sporty
E400 4MATIC WAGON,AMG Heritage Hub Cap Inserts,$215,Sporty
E400 4MATIC WAGON,Tire valve stem caps,$20,Sporty
E400 4MATIC WAGON,License plate frames,$45,Sporty
E400 4MATIC WAGON,Warmth & Comfort Package,$600,Sporty
E400 4MATIC WAGON,Wood/leather steering wheel,$590,Sporty
E400 4MATIC WAGON,Heated steering wheel,$250,Sporty
E400 4MATIC WAGON,LED Logo Projector,$200,Sporty
E400 4MATIC WAGON,Cabin atomizer fragrances,$130,Sporty
E400 4MATIC WAGON,AIR BODY CONTROL,"$1,900",Sporty
E400 4MATIC WAGON,Blind Spot Assist,$550,Sporty
E400 4MATIC WAGON,Rear side-impact air bags,$420,Sporty
E400 4MATIC WAGON,Wheel locks,$150,Sporty
AMG E43 Sedan,Premium 2 Package,"$3,700",Sporty
AMG E43 Sedan,Premium 3 Package,"$7,300",Sporty
AMG E43 Sedan,Heated and ventilated front seats,$450,Sporty
AMG E43 Sedan,Burmester High-End 3D Surround Sound system,"$4,550",Sporty
AMG E43 Sedan,Comfort box,$300,Sporty
AMG E43 Sedan,Acoustic Comfort Package,"$1,100",Sporty
AMG E43 Sedan,Rear-side window sunshades,$380,Sporty
AMG E43 Sedan,Heated rear seats,$620,Sporty
AMG E43 Sedan,Media Interface consumer cable kit NTG5,$70,Sporty
AMG E43 Sedan,"Media Interface consumer cable, iPod® NTG5",$35,Sporty
AMG E43 Sedan,"Media Interface consumer cable, micro USB, NTG5",$20,Sporty
AMG E43 Sedan,Wheel locks,$150,Sporty
AMG E43 Sedan,"mbrace® Connect
5-year Complimentary service",$0,Sporty
AMG E43 Sedan,"mbrace Secure
6-month free trial",$199,Sporty
AMG E43 Sedan,"mbrace Concierge
3-month free trial",$20,Sporty
AMG E43 Sedan,"mbrace Entertain
3-month free trial",$18,Sporty
AMG E43 Sedan,"mbrace Bundle (Concierge & Entertain)
3-month free trial",$28,Sporty
AMG E43 Sedan,Panorama roof,"$1,090",Sporty
AMG E43 Sedan,Illuminated Star,$550,Sporty
AMG E43 Sedan,Chrome Door Handle Inserts,$100,Sporty
AMG E43 Sedan,AMG Night Package,$650,Sporty
AMG E43 Sedan,AMG Exterior Carbon Fiber Package,"$1,950",Sporty
AMG E43 Sedan,Deletion of front-fender engine badges,$0,Sporty
AMG E43 Sedan,Wheel hub inserts,$25,Sporty
AMG E43 Sedan,AMG Heritage Hub Cap Inserts,$215,Sporty
AMG E43 Sedan,Tire valve stem caps,$20,Sporty
AMG E43 Sedan,License Plate Frames,$45,Sporty
AMG E43 Sedan,AMG Nappa/DINAMICA Performance steering wheel,$500,Sporty
AMG E43 Sedan,Black seat belts in place of red,$0,Sporty
AMG E43 Sedan,LED Logo Projector,$200,Sporty
AMG E43 Sedan,Cabin atomizer fragrances,$130,Sporty
AMG E43 Sedan,Wheel locks,$150,Sporty
E550 Cabriolet,Illuminated Star,$550,Sporty
E550 Cabriolet,Rear Spoiler,$350,Sporty
E550 Cabriolet,Chrome Door Handle Inserts,$70,Sporty
E550 Cabriolet,18-inch two-tone 5-spoke wheels,"$2,080",Sporty
E550 Cabriolet,18-inch twin 5-spoke wheels,"$2,080",Sporty
E550 Cabriolet,19-inch 5-spoke wheels,"$2,260",Sporty
E550 Cabriolet,AMG 19-inch 7-spoke wheels,"$4,400",Sporty
E550 Cabriolet,Wheel hub inserts,$25,Sporty
E550 Cabriolet,Exterior Mirror Housings,$200,Sporty
E550 Cabriolet,AMG Heritage Hub Cap Inserts,$215,Sporty
E550 Cabriolet,Tire valve stem caps,$20,Sporty
E550 Cabriolet,License Plate Frames,$45,Sporty
E550 Cabriolet,Sport Package,$870,Sporty
E550 Cabriolet,Illuminated Door Sills,$750,Sporty
E550 Cabriolet,Wood/leather sport steering wheel,$590,Sporty
E550 Cabriolet,AMG Door Pins,$50,Sporty
E550 Cabriolet,Wind Stop,$630,Sporty
E550 Cabriolet,Premium 3 Package,"$10,425",Sporty
E550 Cabriolet,Wheel locks,$150,Sporty
E550 Cabriolet,Illuminated Star,$550,Sporty
E550 Cabriolet,Rear Spoiler,$350,Sporty
E550 Cabriolet,Chrome Door Handle Inserts,$70,Sporty
E550 Cabriolet,Accessory Styling Package,$650,Sporty
E550 Cabriolet,18-inch two-tone 5-spoke wheels,"$2,080",Sporty
E550 Cabriolet,18-inch twin 5-spoke wheels,"$2,080",Sporty
E550 Cabriolet,19-inch 5-spoke wheels,"$2,260",Sporty
E550 Cabriolet,Exterior Mirror Housings,$200,Sporty
E550 Cabriolet,AMG 19-inch 7-spoke wheels,"$4,400",Sporty
E550 Cabriolet,Roof spoiler,$325,Sporty
E550 Cabriolet,Wheel hub insert,$25,Sporty
E550 Cabriolet,AMG Heritage Hub Cap Inserts,$215,Sporty
E550 Cabriolet,Tire valve stem caps,$20,Sporty
E550 Cabriolet,License Plate Frames,$45,Sporty
E550 Cabriolet,Sport Package,$870,Sporty
E550 Cabriolet,Wood/leather sport steering wheel,$590,Sporty
E550 Cabriolet,Illuminated Door Sills,$750,Sporty
E550 Cabriolet,AMG Door Pins,$50,Sporty
E550 Cabriolet,Premium 3 Package,"$10,425",Sporty
E550 Cabriolet,Wheel locks,$150,Sporty
G550 SUV,designo Manufaktur Luxury Package,"$11,000",Sporty
G550 SUV,designo Manufaktur Mojave Package,"$14,500",Sporty
G550 SUV,Outer protective strips in black,$330,Sporty
G550 SUV,Rear spare tire surround painted in body color,"$1,200",Sporty
G550 SUV,Wheel hub inserts,$25,Sporty
G550 SUV,Tire valve stem caps,$20,Sporty
G550 SUV,License plate frame,$45,Sporty
G550 SUV,Wood/leather steering wheel,$0,Sporty
G550 SUV,designo Manufaktur two-tone Nappa leather upholstery,"$6,000",Sporty
G550 SUV,designo Wood/leather steering wheel,$0,Sporty
G550 SUV,Heated steering wheel,$250,Sporty
G550 SUV,designo Manufaktur two-tone Nappa steering wheel,$700,Sporty
G550 SUV,designo Manufaktur Deep Sea Blue stitching,"$1,200",Sporty
G550 SUV,designo Manufaktur Light Brown stitching,"$1,200",Sporty
G550 SUV,Grab handles in Black leather,$450,Sporty
G550 SUV,designo Manufaktur Red stitching,"$1,200",Sporty
G550 SUV,Red seat belts,$500,Sporty
G550 SUV,designo Manufaktur White stitching,"$1,200",Sporty
G550 SUV,Adjustable suspension,"$1,400",Sporty
AMG G63 SUV,designo Manufaktur Mojave Package,"$13,550",Sporty
AMG G63 SUV,Outer protective strips in carbon fiber,$330,Sporty
AMG G63 SUV,Rear spare tire surround painted in body color,"$1,200",Sporty
AMG G63 SUV,AMG Silver-painted brake calipers,$0,Sporty
AMG G63 SUV,Wheel hub inserts,$25,Sporty
AMG G63 SUV,Tire valve stem caps,$20,Sporty
AMG G63 SUV,License plate frame,$45,Sporty
AMG G63 SUV,designo Exclusive Leather Package,"$4,950",Sporty
AMG G63 SUV,DINAMICA Interior Package,"$1,100",Sporty
AMG G63 SUV,designo Manufaktur two-tone Nappa leather upholstery,"$2,000",Sporty
AMG G63 SUV,designo Wood/leather steering wheel,$0,Sporty
AMG G63 SUV,Heated steering wheel,$250,Sporty
AMG G63 SUV,AMG Nappa/DINAMICA Performance steering wheel,$500,Sporty
AMG G63 SUV,designo Manufaktur two-tone Nappa steering wheel,$700,Sporty
AMG G63 SUV,Grab handles in Black leather,$450,Sporty
AMG G63 SUV,Red seat belts,$500,Sporty
AMG G65 SUV,Stainless-steel brush guard,$0,Sporty
AMG G65 SUV,designo Manufaktur Mojave Package,"$9,000",Sporty
AMG G65 SUV,Outer protective strips in carbon fiber,$330,Sporty
AMG G65 SUV,Rear spare tire surround painted in body color,"$1,200",Sporty
AMG G65 SUV,"AMG ""Acceleration Lines""",$0,Sporty
AMG G65 SUV,AMG Silver-painted brake calipers,$0,Sporty
AMG G65 SUV,Wheel hub inserts,$25,Sporty
AMG G65 SUV,Tire valve stem caps,$20,Sporty
AMG G65 SUV,License plate frame,$45,Sporty
AMG G65 SUV,DINAMICA Interior Package,$660,Sporty
AMG G65 SUV,designo Manufaktur two-tone Nappa leather upholstery,"$2,000",Sporty
AMG G65 SUV,designo Carbon Fiber Look leather,$0,Sporty
AMG G65 SUV,designo Wood/leather steering wheel,$0,Sporty
AMG G65 SUV,Heated steering wheel,$250,Sporty
AMG G65 SUV,AMG Nappa/DINAMICA Performance steering wheel,$500,Sporty
AMG G65 SUV,designo Manufaktur two-tone Nappa steering wheel,$700,Sporty
AMG G65 SUV,Grab handles in Black leather,$450,Sporty
AMG G65 SUV,Red seat belts,$500,Sporty
AMG G65 SUV,Illuminated Star,$550,Sporty
GLA250 SUV,Panorama roof,"$1,480",Sporty
GLA250 SUV,Bi-Xenon headlamps and LED taillamps,$850,Sporty
GLA250 SUV,18-inch twin 5-spoke alloy wheels,"$1,960",Sporty
GLA250 SUV,19-inch 5-spoke alloy wheels,"$2,080",Sporty
GLA250 SUV,Wheel hub inserts,$25,Sporty
GLA250 SUV,AMG Heritage Hub Cap Inserts,$215,Sporty
GLA250 SUV,Tire valve stem caps,$20,Sporty
GLA250 SUV,Exterior Mirror Housing,$200,Sporty
GLA250 SUV,License plate frame,$45,Sporty
GLA250 SUV,Interior Package,"$1,850",Sporty
GLA250 SUV,Iluminated Door Sills,$650,Sporty
GLA250 SUV,LED Logo Projector,$200,Sporty
GLA250 SUV,AMG Round Door-Pin,$50,Sporty
GLA250 SUV,Driver Assistance Package,"$1,500",Sporty
GLA250 SUV,Rearview camera,$460,Sporty
GLA250 SUV,Wheel locks,$150,Sporty
GLA250 SUV,Parking Pilot,$970,Sporty
GLA250 SUV,Blind Spot Assist,$550,Sporty
GLA250 4MATIC SUV,Panorama roof,"$1,480",Sporty
GLA250 4MATIC SUV,Illuminated Star,$550,Sporty
GLA250 4MATIC SUV,Bi-Xenon headlamps and LED taillamps,$850,Sporty
GLA250 4MATIC SUV,18-inch twin 5-spoke alloy wheels,"$1,960",Sporty
GLA250 4MATIC SUV,19-inch 5-spoke alloy wheels,"$2,080",Sporty
GLA250 4MATIC SUV,Wheel hub inserts,$25,Sporty
GLA250 4MATIC SUV,AMG Heritage Hub Cap Inserts,$215,Sporty
GLA250 4MATIC SUV,Tire valve stem caps,$20,Sporty
GLA250 4MATIC SUV,Exterior Mirror Housing,$200,Sporty
GLA250 4MATIC SUV,License plate frame,$45,Sporty
GLA250 4MATIC SUV,Interior Package,"$1,850",Sporty
GLA250 4MATIC SUV,Iluminated Door Sills,$650,Sporty
GLA250 4MATIC SUV,LED Logo Projector,$200,Sporty
GLA250 4MATIC SUV,AMG Round Door-Pin,$50,Sporty
GLA250 4MATIC SUV,Driver Assistance Package,"$1,500",Sporty
GLA250 4MATIC SUV,Rearview camera,$460,Sporty
GLA250 4MATIC SUV,Wheel locks,$150,Sporty
GLA250 4MATIC SUV,Parking Pilot,$970,Sporty
GLA250 4MATIC SUV,Blind Spot Assist,$550,Sporty
AMG GLA45 SUV,Panorama roof,"$1,480",Sporty
AMG GLA45 SUV,Illuminated Star,$550,Sporty
AMG GLA45 SUV,AMG Night Package,$750,Sporty
AMG GLA45 SUV,AMG Exterior Carbon Fiber Package,"$3,700",Sporty
AMG GLA45 SUV,Red-painted brake calipers,$300,Sporty
AMG GLA45 SUV,Rear wing spoiler,$850,Sporty
AMG GLA45 SUV,18-inch twin 5-spoke alloy wheels,"$1,960",Sporty
AMG GLA45 SUV,19-inch 5-spoke alloy wheels,"$2,080",Sporty
AMG GLA45 SUV,Wheel hub inserts,$25,Sporty
AMG GLA45 SUV,AMG Heritage Hub Cap Inserts,$215,Sporty
AMG GLA45 SUV,Tire valve stem caps,$20,Sporty
AMG GLA45 SUV,Exterior Mirror Housing,$200,Sporty
AMG GLA45 SUV,License plate frame,$45,Sporty
AMG GLA45 SUV,AMG Performance front seats,"$2,250",Sporty
AMG GLA45 SUV,AMG Performance steering wheel (Nappa/DINAMICA),$600,Sporty
AMG GLA45 SUV,LED Logo Projector,$200,Sporty
AMG GLA45 SUV,AMG illuminated front door sills,$800,Sporty
AMG GLA45 SUV,AMG Round Door-Pin,$50,Sporty
AMG GLA45 SUV,Driver Assistance Package,"$1,500",Sporty
AMG GLA45 SUV,AMG DYNAMIC PLUS Package,"$2,800",Sporty
AMG GLA45 SUV,Rearview camera,$460,Sporty
AMG GLA45 SUV,Wheel locks,$150,Sporty
AMG GLA45 SUV,Parking Pilot,$970,Sporty
AMG GLA45 SUV,Blind Spot Assist,$550,Sporty
AMG GLA45 SUV,AMG RIDE CONTROL Sport Suspension with 2-stage damping,$850,Sporty
AMG GLA45 SUV,AMG Performance exhaust system,$650,Sporty
GLC300 4MATIC Coupe,Brushed aluminum running boards,$670,Sporty
GLC300 4MATIC Coupe,Illuminated Star,$550,Sporty
GLC300 4MATIC Coupe,Chrome Door Handle Inserts,$100,Sporty
GLC300 4MATIC Coupe,Rear Spoiler,$350,Sporty
GLC300 4MATIC Coupe,Black Mirror Housing,$250,Sporty
GLC300 4MATIC Coupe,Carbon Fiber Look Mirror Housing,$250,Sporty
GLC300 4MATIC Coupe,Front Protective Trim,$450,Sporty
GLC300 4MATIC Coupe,Design Side Trim,$510,Sporty
GLC300 4MATIC Coupe,Chrome Front Trim,$225,Sporty
GLC300 4MATIC Coupe,Wheel hub inserts,$25,Sporty
GLC300 4MATIC Coupe,AMG Heritage Hub Cap Inserts,$215,Sporty
GLC300 4MATIC Coupe,Tire valve stem caps,$20,Sporty
GLC300 4MATIC Coupe,License plate frame,$45,Sporty
GLC300 4MATIC Coupe,Advanced Parking Assist Package,"$1,550",Sporty
GLC300 4MATIC Coupe,Premium 3 Package,"$6,400",Sporty
GLC300 4MATIC Coupe,AIR BODY CONTROL,"$1,900",Sporty
GLC300 4MATIC Coupe,Trailer hitch (Class II),$575,Sporty
GLC300 4MATIC Coupe,Blind Spot Assist,$550,Sporty
GLC300 4MATIC Coupe,Wheel Locks,$150,Sporty
GLC300 SUV,LED headlamps and taillamps,$850,Sporty
GLC300 SUV,Panorama roof,"$1,480",Sporty
GLC300 SUV,Brushed aluminum running boards with rubber studs,$670,Sporty
GLC300 SUV,Illuminated Star,$550,Sporty
GLC300 SUV,Rear Chrome Trim,$215,Sporty
GLC300 SUV,Black Mirror Housings,$250,Sporty
GLC300 SUV,Chrome Door Handle Inserts,$100,Sporty
GLC300 SUV,Chrome Front Trim,$250,Sporty
GLC300 SUV,Carbon Fiber Look Mirror Housing,$250,Sporty
GLC300 SUV,Roof Spoiler,$350,Sporty
GLC300 SUV,19- inch 5-twin-spoke alloy wheel,"$1,960",Sporty
GLC300 SUV,20-inch 5-spoke alloy wheel,"$2,160",Sporty
GLC300 SUV,Front Protective Trim,$450,Sporty
GLC300 SUV,Side Protective Trim,$600,Sporty
GLC300 SUV,Wheel hub inserts,$25,Sporty
GLC300 SUV,AMG Heritage Hub Cap Inserts,$215,Sporty
GLC300 SUV,Tire valve stem caps,$20,Sporty
GLC300 SUV,License plate frame,$45,Sporty
GLC300 SUV,Heated and ventilated front seats,"$1,030",Sporty
GLC300 SUV,Topstitched MB-Tex upper dash trim,$350,Sporty
GLC300 SUV,Heated rear seats,$620,Sporty
GLC300 SUV,Heated steering wheel,$250,Sporty
GLC300 SUV,Rear-side window sunshades,$380,Sporty
GLC300 SUV,LED Logo Projector,$200,Sporty
GLC300 SUV,Heated front seats,$580,Sporty
GLC300 SUV,Illuminated Door sill panel,$600,Sporty
GLC300 SUV,Flacon perfume atomiser,$130,Sporty
GLC300 SUV,Advanced Parking Assist Package,"$1,550",Sporty
GLC300 SUV,Premium 3 Package,"$7,200",Sporty
GLC300 SUV,AIR BODY CONTROL,"$1,900",Sporty
GLC300 SUV,Trailer hitch (Class II),$575,Sporty
GLC300 SUV,Blind Spot Assist,$550,Sporty
GLC300 SUV,Wheel locks,$140,Sporty
GLC300 4MATIC SUV,LED headlamps and taillamps,$850,Sporty
GLC300 4MATIC SUV,Panorama roof,"$1,480",Sporty
GLC300 4MATIC SUV,Brushed aluminum running boards with rubber studs,$670,Sporty
GLC300 4MATIC SUV,Illuminated Star,$550,Sporty
GLC300 4MATIC SUV,Rear Chrome Trim,$215,Sporty
GLC300 4MATIC SUV,Chrome Door Handle Inserts,$100,Sporty
GLC300 4MATIC SUV,Chrome Front Trim,$250,Sporty
GLC300 4MATIC SUV,Carbon Fiber Look Mirror Housing,$250,Sporty
GLC300 4MATIC SUV,Black Mirror Housings,$250,Sporty
GLC300 4MATIC SUV,Roof Spoiler,$350,Sporty
GLC300 4MATIC SUV,19- inch 5-twin-spoke alloy wheel,"$1,960",Sporty
GLC300 4MATIC SUV,20-inch 5-spoke alloy wheel,"$2,160",Sporty
GLC300 4MATIC SUV,Front Protective Trim,$450,Sporty
GLC300 4MATIC SUV,Side Protective Trim,$600,Sporty
GLC300 4MATIC SUV,Wheel hub inserts,$25,Sporty
GLC300 4MATIC SUV,AMG Heritage Hub Cap Inserts,$215,Sporty
GLC300 4MATIC SUV,Tire valve stem caps,$20,Sporty
GLC300 4MATIC SUV,License plate frame,$45,Sporty
GLC300 4MATIC SUV,Heated and ventilated front seats,"$1,030",Sporty
GLC300 4MATIC SUV,Topstitched MB-Tex upper dash trim,$350,Sporty
GLC300 4MATIC SUV,Heated rear seats,$620,Sporty
GLC300 4MATIC SUV,Heated steering wheel,$250,Sporty
GLC300 4MATIC SUV,Rear-side window sunshades,$380,Sporty
GLC300 4MATIC SUV,LED Logo Projector,$200,Sporty
GLC300 4MATIC SUV,Heated front seats,$580,Sporty
GLC300 4MATIC SUV,Illuminated Door sill panel,$600,Sporty
GLC300 4MATIC SUV,Flacon perfume atomiser,$130,Sporty
GLC300 4MATIC SUV,Advanced Parking Assist Package,"$1,550",Sporty
GLC300 4MATIC SUV,Premium 3 Package,"$7,200",Sporty
GLC300 4MATIC SUV,AIR BODY CONTROL,"$1,900",Sporty
GLC300 4MATIC SUV,Trailer hitch (Class II),$575,Sporty
GLC300 4MATIC SUV,Blind Spot Assist,$550,Sporty
GLC300 4MATIC SUV,Wheel locks,$140,Sporty
AMG GLC43 Coupe,AMG Night Package,$200,Sporty
AMG GLC43 Coupe,Brushed aluminum running boards,$670,Sporty
AMG GLC43 Coupe,Illuminated Star,$550,Sporty
AMG GLC43 Coupe,Chrome Door Handle Inserts,$100,Sporty
AMG GLC43 Coupe,Carbon Fiber Look Mirror Housing,$250,Sporty
AMG GLC43 Coupe,Wheel hub inserts,$25,Sporty
AMG GLC43 Coupe,AMG Heritage Hub Cap Inserts,$215,Sporty
AMG GLC43 Coupe,Tire valve stem caps,$20,Sporty
AMG GLC43 Coupe,License plate frame,$45,Sporty
AMG GLC43 Coupe,Air Balance Package,$350,Sporty
AMG GLC43 Coupe,Heated steering wheel,$250,Sporty
AMG GLC43 Coupe,LED Logo Projector,$200,Sporty
AMG GLC43 Coupe,Rear-side window sunshades,$380,Sporty
AMG GLC43 Coupe,Heated and ventilated front seats,$450,Sporty
AMG GLC43 Coupe,Heated rear seats,$620,Sporty
AMG GLC43 Coupe,Replace red seat belts with black,$0,Sporty
AMG GLC43 Coupe,Flacon perfume atomiser,$130,Sporty
AMG GLC43 Coupe,Advanced Parking Assist Package,"$1,550",Sporty
AMG GLC43 Coupe,Premium 3 Package,"$5,150",Sporty
AMG GLC43 Coupe,Trailer hitch (Class II),$575,Sporty
AMG GLC43 Coupe,Wheel Locks,$150,Sporty
AMG GLC43 SUV,LED headlamps and taillamps,$850,Sporty
AMG GLC43 SUV,Panorama roof,"$1,480",Sporty
AMG GLC43 SUV,Brushed aluminum running boards with rubber studs,$670,Sporty
AMG GLC43 SUV,AMG Night Package,$200,Sporty
AMG GLC43 SUV,Illuminated Star,$550,Sporty
AMG GLC43 SUV,Black Mirror Housings,$250,Sporty
AMG GLC43 SUV,Carbon Fiber Look Mirror Housing,$250,Sporty
AMG GLC43 SUV,Chrome Front Trim,$225,Sporty
AMG GLC43 SUV,Roof Spoiler,$350,Sporty
AMG GLC43 SUV,Chrome Door Handle Inserts,$100,Sporty
AMG GLC43 SUV,Wheel hub inserts,$25,Sporty
AMG GLC43 SUV,AMG Heritage Hub Cap Inserts,$215,Sporty
AMG GLC43 SUV,Tire valve stem caps,$20,Sporty
AMG GLC43 SUV,License plate frame,$45,Sporty
AMG GLC43 SUV,Advanced Parking Assist Package,"$1,550",Sporty
AMG GLC43 SUV,Premium 3 Package,"$5,950",Sporty
AMG GLC43 SUV,Trailer hitch (Class II),$575,Sporty
AMG GLC43 SUV,Wheel locks,$140,Sporty
GLE350 SUV,Panorama roof,"$1,090",Sporty
GLE350 SUV,Brushed aluminum running boards,$670,Sporty
GLE350 SUV,Illuminated Star,$550,Sporty
GLE350 SUV,Lighting kit for running boards,$650,Sporty
GLE350 SUV,Accessory Chrome Package,$260,Sporty
GLE350 SUV,21-inch twin 5-spoke wheels,"$2,720",Sporty
GLE350 SUV,20-inch twin 5-spoke alloy wheels,"$2,600",Sporty
GLE350 SUV,19-inch 5-spoke alloy wheels,"$1,760",Sporty
GLE350 SUV,19-inch twin 5-spoke wheels,"$2,200",Sporty
GLE350 SUV,Tire valve stem caps,$20,Sporty
GLE350 SUV,Wheel hub inserts,$25,Sporty
GLE350 SUV,AMG Heritage Hub Cap Inserts,$215,Sporty
GLE350 SUV,License plate frames,$45,Sporty
GLE350 SUV,Interior Sport Package,$350,Sporty
GLE350 SUV,Heated steering wheel,$250,Sporty
GLE350 SUV,Wood/leather steering wheel,$590,Sporty
GLE350 SUV,AMG door pins,$50,Sporty
GLE350 4MATIC SUV,Panorama roof,"$1,090",Sporty
GLE350 4MATIC SUV,Brushed aluminum running boards,$670,Sporty
GLE350 4MATIC SUV,Illuminated Star,$550,Sporty
GLE350 4MATIC SUV,Lighting kit for running boards,$650,Sporty
GLE350 4MATIC SUV,Accessory Chrome Package,$260,Sporty
GLE350 4MATIC SUV,21-inch twin 5-spoke wheels,"$2,720",Sporty
GLE350 4MATIC SUV,20-inch twin 5-spoke alloy wheels,"$2,600",Sporty
GLE350 4MATIC SUV,19-inch 5-spoke alloy wheels,"$1,760",Sporty
GLE350 4MATIC SUV,19-inch twin 5-spoke wheels,"$2,200",Sporty
GLE350 4MATIC SUV,Tire valve stem caps,$20,Sporty
GLE350 4MATIC SUV,Wheel hub inserts,$25,Sporty
GLE350 4MATIC SUV,AMG Heritage Hub Cap Inserts,$215,Sporty
GLE350 4MATIC SUV,License plate frames,$45,Sporty
GLE350 4MATIC SUV,Interior Sport Package,$350,Sporty
GLE350 4MATIC SUV,Heated steering wheel,$250,Sporty
GLE350 4MATIC SUV,Wood/leather steering wheel,$590,Sporty
GLE350 4MATIC SUV,AMG door pins,$50,Sporty
GLE350 4MATIC SUV,Premium 3 Package,"$9,080",Sporty
GLE350 4MATIC SUV,ACTIVE CURVE SYSTEM Package,"$4,520",Sporty
GLE350 4MATIC SUV,Parking Assist Package,"$1,290",Sporty
GLE350 4MATIC SUV,Parking Assist with Parking Pilot,$970,Sporty
GLE350 4MATIC SUV,Trailer hitch (Class III),$575,Sporty
GLE350 4MATIC SUV,AIRMATIC suspension,"$1,610",Sporty
GLE350 4MATIC SUV,Wheel locks,$150,Sporty
AMG GLE43 Coupe,Illuminated brushed aluminum running boards,$670,Sporty
AMG GLE43 Coupe,Illuminated Star,$550,Sporty
AMG GLE43 Coupe,Accessory Chrome Package,$260,Sporty
AMG GLE43 Coupe,Chrome Hood Fins,$225,Comfort
AMG GLE43 Coupe,Chrome door handle inserts,$75,Comfort
AMG GLE43 Coupe,Wheel hub inserts,$25,Comfort
AMG GLE43 Coupe,AMG Heritage Hub Cap Inserts,$215,Comfort
AMG GLE43 Coupe,Tire valve stem caps,$20,Comfort
AMG GLE43 Coupe,License Plate Frames,$45,Comfort
AMG GLE43 Coupe,Topstitched dashboard trim,$450,Comfort
AMG GLE43 Coupe,AMG door pins,$50,Comfort
AMG GLE43 Coupe,LED Logo Projector,$230,Comfort
AMG GLE43 Coupe,Parking Assist Package,"$1,290",Comfort
AMG GLE43 Coupe,Premium 3 Package,"$2,250",Comfort
AMG GLE43 Coupe,ACTIVE CURVE SYSTEM,"$2,910",Comfort
AMG GLE43 Coupe,Trailer hitch (Class III),$575,Comfort
AMG GLE43 Coupe,Wheel locks,$150,Comfort
AMG GLE43 Coupe,MAGIC VISION CONTROL,$350,Comfort
AMG GLE43 SUV,Panorama roof,"$1,090",Comfort
AMG GLE43 SUV,Brushed aluminum running boards,$670,Comfort
AMG GLE43 SUV,Illuminated Star,$550,Comfort
AMG GLE43 SUV,Lighting kit for running boards,$650,Comfort
AMG GLE43 SUV,Accessory Chrome Package,$250,Comfort
AMG GLE43 SUV,21-inch twin 5-spoke wheels,"$2,720",Comfort
AMG GLE43 SUV,20-inch twin 5-spoke alloy wheels,"$2,600",Comfort
AMG GLE43 SUV,19-inch 5-spoke alloy wheels,"$1,760",Comfort
AMG GLE43 SUV,19-inch twin 5-spoke wheels,"$2,200",Comfort
AMG GLE43 SUV,Tire valve stem caps,$20,Comfort
AMG GLE43 SUV,Wheel hub inserts,$25,Comfort
AMG GLE43 SUV,AMG Heritage Hub Cap Inserts,$215,Comfort
AMG GLE43 SUV,License plate frames,$45,Comfort
AMG GLE43 SUV,Heated steering wheel,$250,Comfort
AMG GLE43 SUV,Wood/leather steering wheel,$590,Comfort
AMG GLE43 SUV,AMG door pins,$50,Comfort
GLE550e 4MATIC Plug-in Hybrid SUV,Panorama roof,"$1,090",Comfort
GLE550e 4MATIC Plug-in Hybrid SUV,Brushed aluminum running boards,$670,Comfort
GLE550e 4MATIC Plug-in Hybrid SUV,Accessory Chrome Package,$260,Comfort
GLE550e 4MATIC Plug-in Hybrid SUV,21-inch twin 5-spoke wheels,"$2,720",Comfort
GLE550e 4MATIC Plug-in Hybrid SUV,20-inch twin 5-spoke alloy wheels,"$2,600",Comfort
GLE550e 4MATIC Plug-in Hybrid SUV,19-inch 5-spoke alloy wheels,"$1,760",Comfort
GLE550e 4MATIC Plug-in Hybrid SUV,19-inch twin 5-spoke wheels,"$2,200",Comfort
GLE550e 4MATIC Plug-in Hybrid SUV,Tire valve stem caps,$20,Comfort
GLE550e 4MATIC Plug-in Hybrid SUV,Wheel hub inserts,$25,Comfort
GLE550e 4MATIC Plug-in Hybrid SUV,AMG Heritage Hub Cap Inserts,$215,Comfort
GLE550e 4MATIC Plug-in Hybrid SUV,License plate frames,$45,Comfort
GLE550e 4MATIC Plug-in Hybrid SUV,Interior Sport Package,"$1,000",Comfort
GLE550e 4MATIC Plug-in Hybrid SUV,Heated steering wheel,$250,Comfort
GLE550e 4MATIC Plug-in Hybrid SUV,Wood/leather steering wheel,$590,Comfort
GLE550e 4MATIC Plug-in Hybrid SUV,AMG door pins,$50,Comfort
GLE550e 4MATIC Plug-in Hybrid SUV,Premium 3 Package,"$4,890",Comfort
GLE550e 4MATIC Plug-in Hybrid SUV,Parking Assist Package,"$1,290",Comfort
GLE550e 4MATIC Plug-in Hybrid SUV,Parking Assist with Parking Pilot,$970,Comfort
GLE550e 4MATIC Plug-in Hybrid SUV,Trailer hitch (Class III),$575,Comfort
GLE550e 4MATIC Plug-in Hybrid SUV,AIRMATIC suspension,"$1,610",Comfort
GLE550e 4MATIC Plug-in Hybrid SUV,Wheel locks,$150,Comfort
AMG GLE63 S Coupe,Night Package,$750,Comfort
AMG GLE63 S Coupe,Illuminated brushed aluminum running boards,$0,Comfort
AMG GLE63 S Coupe,Illuminated Star,$550,Comfort
AMG GLE63 S Coupe,Accessory Chrome Package,$260,Comfort
AMG GLE63 S Coupe,Chrome Hood Fins,$225,Comfort
AMG GLE63 S Coupe,Chrome door handle inserts,$75,Comfort
AMG GLE63 S Coupe,Wheel hub inserts,$25,Comfort
AMG GLE63 S Coupe,AMG Heritage Hub Cap Inserts,$215,Comfort
AMG GLE63 S Coupe,Tire valve stem caps,$20,Comfort
AMG GLE63 S Coupe,License Plate Frames,$45,Comfort
AMG GLE63 S Coupe,Black seat belts,$0,Comfort
AMG GLE63 S Coupe,AMG Nappa/DINAMICA Performance steering wheel,$0,Comfort
AMG GLE63 S Coupe,AMG door pins,$50,Comfort
AMG GLE63 S Coupe,LED Logo Projector,$230,Comfort
AMG GLE63 S Coupe,Premium 3 Package,"$1,600",Comfort
AMG GLE63 S Coupe,AMG Dynamic Performance Exhaust,$625,Comfort
AMG GLE63 S Coupe,Trailer hitch (Class III),$575,Comfort
AMG GLE63 S Coupe,Wheel locks,$150,Comfort
AMG GLE63 SUV,Panorama roof,"$1,090",Comfort
AMG GLE63 SUV,Brushed aluminum running boards,$670,Comfort
AMG GLE63 SUV,Night Package,$750,Comfort
AMG GLE63 SUV,Illuminated Star,$550,Comfort
AMG GLE63 SUV,Lighting kit for running boards,$650,Comfort
AMG GLE63 SUV,Accessory Chrome Package,$260,Comfort
AMG GLE63 SUV,Tire valve stem caps,$20,Comfort
AMG GLE63 SUV,Wheel hub inserts,$25,Comfort
AMG GLE63 SUV,AMG Heritage Hub Cap Inserts,$215,Comfort
AMG GLE63 SUV,License plate frames,$45,Comfort
AMG GLE63 SUV,Heated steering wheel,$250,Comfort
AMG GLE63 SUV,Wood/leather steering wheel,$590,Comfort
AMG GLE63 SUV,AMG Nappa/DINAMICA Performance steering wheel,$500,Comfort
AMG GLE63 SUV,AMG door pins,$50,Comfort
AMG GLE63 SUV,Premium 3 Package,"$2,890",Comfort
AMG GLE63 SUV,Parking Assist Package,"$1,290",Comfort
AMG GLE63 SUV,AMG Dynamic Performance Exhaust,$625,Comfort
AMG GLE63 SUV,Trailer hitch (Class III),$575,Comfort
AMG GLE63 SUV,MAGIC VISION CONTROL,$350,Comfort
AMG GLE63 SUV,Wheel locks,$150,Comfort
AMG GLE63 S SUV,Panorama roof,"$1,090",Comfort
AMG GLE63 S SUV,Brushed aluminum running boards,$670,Comfort
AMG GLE63 S SUV,Night Package,$750,Comfort
AMG GLE63 S SUV,Illuminated Star,$550,Comfort
AMG GLE63 S SUV,Lighting kit for running boards,$650,Comfort
AMG GLE63 S SUV,Accessory Chrome Package,$260,Comfort
AMG GLE63 S SUV,Tire valve stem caps,$20,Comfort
AMG GLE63 S SUV,Wheel hub inserts,$25,Comfort
AMG GLE63 S SUV,AMG Heritage Hub Cap Inserts,$215,Comfort
AMG GLE63 S SUV,License plate frames,$45,Comfort
AMG GLE63 S SUV,Heated steering wheel,$250,Comfort
AMG GLE63 S SUV,Wood/leather steering wheel,$590,Comfort
AMG GLE63 S SUV,AMG door pins,$50,Comfort
AMG GLE63 S SUV,Premium 3 Package,"$2,890",Comfort
AMG GLE63 S SUV,AMG Dynamic Performance Exhaust,$625,Comfort
AMG GLE63 S SUV,Trailer hitch (Class III),$575,Comfort
AMG GLE63 S SUV,Wheel locks,$150,Comfort
GLS450 SUV,Heated steering wheel,$250,Comfort
GLS450 SUV,Wood/leather steering wheel,$590,Comfort
GLS450 SUV,Driver Assistance Package,"$2,250",Comfort
GLS450 SUV,Parking Assist Package,"$1,290",Comfort
GLS450 SUV,Off-road Package,"$2,850",Comfort
GLS450 SUV,ACTIVE CURVE SYSTEM Package,"$3,700",Comfort
GLS450 SUV,Parking Assist with Parking Pilot,$970,Comfort
GLS450 SUV,MAGIC VISION CONTROL,$350,Comfort
GLS450 SUV,Trailer hitch (Class IV),$575,Comfort
GLS450 SUV,Wheel locks,$150,Comfort
GLS450 SUV,Panorama roof,"$1,090",Comfort
GLS450 SUV,Accessory Chrome Package,$260,Comfort
GLS450 SUV,Illuminated Star,$550,Comfort
GLS450 SUV,19 inch 5-spoke wheel,"$1,760",Comfort
GLS450 SUV,Wheel hub inserts,$25,Comfort
GLS450 SUV,Tire valve stem caps,$20,Comfort
GLS450 SUV,License plate frames,$45,Comfort
GLS450 SUV,AMG Heritage Hub Cap Inserts,$215,Comfort
GLS450 SUV,Heated steering wheel,$250,Comfort
GLS450 SUV,Driver Assistance Package,"$1,375",Comfort
GLS450 SUV,Off-road Package,"$2,050",Comfort
GLS450 SUV,MAGIC VISION CONTROL,$350,Comfort
GLS450 SUV,ACTIVE CURVE SYSTEM,"$2,900",Comfort
GLS450 SUV,Trailer hitch (Class IV),$575,Comfort
GLS450 SUV,Wheel locks,$150,Comfort
AMG GLS63 SUV,Night Package,$300,Comfort
AMG GLS63 SUV,Accessory Chrome Package,$260,Comfort
AMG GLS63 SUV,19 inch 5-spoke wheel,"$1,760",Comfort
AMG GLS63 SUV,Wheel hub inserts,$25,Comfort
AMG GLS63 SUV,Tire valve stem caps,$20,Comfort
AMG GLS63 SUV,License plate frames,$45,Comfort
AMG GLS63 SUV,AMG Heritage Hub Cap Inserts,$215,Comfort
AMG GLS63 SUV,Heated steering wheel,$250,Comfort
AMG GLS63 SUV,Wood/leather steering wheel,$0,Comfort
AMG GLS63 SUV,AMG Performance steering wheel,$500,Comfort
AMG GLS63 SUV,Trailer hitch (Class IV),$575,Comfort
AMG GLS63 SUV,Red-painted brake calipers,$0,Comfort
AMG GLS63 SUV,Wheel locks,$150,Comfort
AMG GT COUPE,Panorama roof,"$1,260",Comfort
AMG GT COUPE,Rear badge deletion,$0,Comfort
AMG GT COUPE,AMG Carbon Fiber Exterior Trim,"$5,300",Comfort
AMG GT COUPE,AMG Night Styling,$750,Comfort
AMG GT COUPE,Silver Chrome Exterior Styling,"$1,100",Comfort
AMG GT COUPE,Tire valve stem caps,$20,Comfort
AMG GT COUPE,Wheel hub inserts,$25,Comfort
AMG GT COUPE,AMG Heritage Hub Cap Inserts,$200,Comfort
AMG GT COUPE,License plate frame,$45,Comfort
AMG GT COUPE,AMG Performance steering wheel (full DINAMICA),$0,Comfort
AMG GT COUPE,AMG Performance steering wheel (DINAMICA grips),$500,Comfort
AMG GT COUPE,AMG illuminated door sills,$700,Comfort
AMG GT COUPE,AMG carbon fiber door sill trim,"$1,200",Comfort
AMG GT COUPE,Lane Tracking Package,$875,Comfort
AMG GT COUPE,AMG Dynamic Performance Exhaust,"$1,800",Comfort
AMG GT COUPE,AMG 3-stage Adaptive Suspension,"$1,500",Comfort
AMG GT COUPE,AMG Carbon-Ceramic braking system,"$8,950",Comfort
AMG GT COUPE,DISTRONIC PLUS,"$2,800",Comfort
AMG GT COUPE,Carbon fiber engine compartment cover,"$1,500",Comfort
AMG GT COUPE,Panorama roof,"$1,260",Comfort
AMG GT COUPE,Rear badge deletion,$0,Comfort
AMG GT COUPE,AMG Carbon Fiber Exterior Trim,"$5,300",Comfort
AMG GT COUPE,AMG Night Styling,$750,Comfort
AMG GT COUPE,Silver Chrome Exterior Styling,"$1,100",Comfort
AMG GT COUPE,Tire valve stem caps,$20,Comfort
AMG GT COUPE,Wheel hub inserts,$25,Comfort
AMG GT COUPE,AMG Heritage Hub Cap Inserts,$200,Comfort
AMG GT COUPE,License plate frame,$45,Comfort
AMG GT COUPE,Lane Tracking Package,$875,Comfort
AMG GT COUPE,AMG DYNAMIC PLUS Package,"$2,600",Comfort
AMG GT COUPE,AMG Carbon-Ceramic braking system,"$8,950",Comfort
AMG GT COUPE,DISTRONIC PLUS,"$2,800",Comfort
AMG GT COUPE,Carbon fiber engine compartment cover,"$1,500",Comfort
AMG GT COUPE,Extreme performance sport tires,$0,Comfort
S550 Cabriolet,Wood/leather multifunction steering wheel,$590,Comfort
S550 Cabriolet,Cabin atomizer fragrances,$120,Comfort
S550 Cabriolet,Driver Assistance Package,"$2,250",Comfort
S550 Cabriolet,Night View Assist PLUS,"$2,260",Comfort
S550 Cabriolet,Wheel locks,$150,Comfort
S550 4MATIC Coupe,Headlamps with Swarovski crystal accents,"$1,750",Comfort
S550 4MATIC Coupe,Carbon Fiber Look Mirror Housing,$250,Comfort
S550 4MATIC Coupe,Chrome Door Handle Inserts,$70,Comfort
S550 4MATIC Coupe,19-inch 5-spoke alloy wheels,"$2,480",Comfort
S550 4MATIC Coupe,20-inch 10-spoke alloy wheels,"$2,600",Comfort
S550 4MATIC Coupe,Wheel hub inserts,$25,Comfort
S550 4MATIC Coupe,AMG Heritag Hub Cap Inserts,$215,Comfort
S550 4MATIC Coupe,Tire valve stem caps,$20,Comfort
S550 4MATIC Coupe,License plate frames,$45,Comfort
S550 4MATIC Coupe,Wood/leather sport steering wheel,$590,Comfort
S550 4MATIC Coupe,Refrigerator box for rear cabin,"$1,100",Comfort
S550 4MATIC Coupe,Cabin atomizer fragrances,$120,Comfort
S550 4MATIC Coupe,Driver Assistance Package,"$2,250",Comfort
S550 4MATIC Coupe,Night View Assist PLUS,"$2,260",Comfort
S550 4MATIC Coupe,Wheel locks,$150,Comfort
S550 Sedan,Head-Up Display,$990,Comfort
S550 Sedan,Electrically heated windshield,$550,Comfort
S550 Sedan,MAGIC SKY CONTROL®,"$4,950",Comfort
S550 Sedan,Burmester High-End 3D Surround Sound system,"$6,400",Comfort
S550 Sedan,Rear Seat Entertainment system,"$2,650",Comfort
S550 Sedan,SPLITVIEW front-seat entertainment system,$710,Comfort
S550 Sedan,Media Interface cable kit,$70,Comfort
S550 Sedan,"Media Interface cable, iPod®",$35,Comfort
S550 Sedan,"Media Interface cable, micro USB",$20,Comfort
S550 Sedan,"Media Interface cable, Lightning",$35,Comfort
S550 Sedan,Driver Assistance Package,"$2,250",Comfort
S550 Sedan,Surround View System,$900,Comfort
S550 Sedan,MAGIC BODY CONTROL,"$4,450",Comfort
S550 Sedan,Night View Assist PLUS,"$2,260",Comfort
S550 Sedan,Comfort box,$350,Comfort
S550 Sedan,Wheel locks,$150,Comfort
S550 Sedan,"mbrace® Connect
5-year Complimentary service",$0,Comfort
S550 Sedan,"mbrace Secure
6-month free trial",$199,Comfort
S550 Sedan,"mbrace Concierge
3-month free trial",$20,Comfort
S550 Sedan,"mbrace Entertain
3-month free trial",$18,Comfort
S550 Sedan,"mbrace Bundle (Concierge & Entertain)
3-month free trial",$28,Comfort
S550 Sedan,Carbon Fiber Look Mirror Housing,$250,Comfort
S550 Sedan,Chrome Door Handle Inserts,$100,Comfort
S550 Sedan,Rear spoiler,$500,Comfort
S550 Sedan,19-inch 5-spoke alloy wheels,"$2,480",Comfort
S550 Sedan,20-inch 10-spoke alloy wheels,"$2,600",Comfort
S550 Sedan,Wheel hub inserts,$25,Comfort
S550 Sedan,AMG Heritage Hub Cap Inserts,$215,Comfort
S550 Sedan,Tire valve stem caps,$20,Comfort
S550 Sedan,License plate frame,$45,Comfort
S550 Sedan,Nappa leather multifunction steering wheel,$0,Comfort
S550 Sedan,Heated rear seats,$620,Comfort
S550 Sedan,Exclusive trim,$950,Comfort
S550 Sedan,Power outboard rear seats with memory,"$1,515",Comfort
S550 Sedan,Refrigerator box for rear cabin,"$1,100",Comfort
S550 Sedan,Cabin atomizer fragrances,$130,Comfort
S550 Sedan,Driver Assistance Package,"$2,250",Comfort
S550 Sedan,Surround View System,$900,Comfort
S550 Sedan,MAGIC BODY CONTROL,"$4,450",Comfort
S550 Sedan,Night View Assist PLUS,"$2,260",Comfort
S550 Sedan,Comfort box,$350,Comfort
S550 Sedan,Wheel locks,$150,Comfort
S550 4MATIC Sedan,Head-Up Display,$990,Comfort
S550 4MATIC Sedan,Electrically heated windshield,$550,Comfort
S550 4MATIC Sedan,MAGIC SKY CONTROL®,"$4,950",Comfort
S550 4MATIC Sedan,Burmester High-End 3D Surround Sound system,"$6,400",Comfort
S550 4MATIC Sedan,Rear Seat Entertainment system,"$2,650",Comfort
S550 4MATIC Sedan,SPLITVIEW front-seat entertainment system,$710,Comfort
S550 4MATIC Sedan,Media Interface cable kit,$70,Comfort
S550 4MATIC Sedan,"Media Interface cable, iPod®",$35,Comfort
S550 4MATIC Sedan,"Media Interface cable, micro USB",$20,Comfort
S550 4MATIC Sedan,"Media Interface cable, Lightning",$35,Comfort
S550 4MATIC Sedan,Driver Assistance Package,"$2,250",Comfort
S550 4MATIC Sedan,Surround View System,$900,Comfort
S550 4MATIC Sedan,Night View Assist PLUS,"$2,260",Comfort
S550 4MATIC Sedan,Comfort box,$350,Comfort
S550 4MATIC Sedan,Wheel locks,$150,Comfort
S550 4MATIC Sedan,"mbrace® Connect
5-year Complimentary service",$0,Comfort
S550 4MATIC Sedan,"mbrace Secure
6-month free trial",$199,Comfort
S550 4MATIC Sedan,"mbrace Concierge
3-month free trial",$20,Comfort
S550 4MATIC Sedan,"mbrace Entertain
3-month free trial",$18,Comfort
S550 4MATIC Sedan,"mbrace Bundle (Concierge & Entertain)
3-month free trial",$28,Comfort
S550 4MATIC Sedan,Carbon Fiber Look Mirror Housing,$250,Comfort
S550 4MATIC Sedan,Chrome Door Handle Inserts,$100,Comfort
S550 4MATIC Sedan,Rear spoiler,$500,Comfort
S550 4MATIC Sedan,19-inch 5-spoke alloy wheels,"$2,480",Comfort
S550 4MATIC Sedan,20-inch 10-spoke alloy wheels,"$2,600",Comfort
S550 4MATIC Sedan,Wheel hub inserts,$25,Comfort
S550 4MATIC Sedan,AMG Heritage Hub Cap Inserts,$215,Comfort
S550 4MATIC Sedan,Tire valve stem caps,$20,Comfort
S550 4MATIC Sedan,License plate frame,$45,Comfort
S550 4MATIC Sedan,Nappa leather multifunction steering wheel,$0,Comfort
S550 4MATIC Sedan,Heated rear seats,$620,Comfort
S550 4MATIC Sedan,Exclusive trim,$950,Comfort
S550 4MATIC Sedan,Power outboard rear seats with memory,"$1,515",Comfort
S550 4MATIC Sedan,Refrigerator box for rear cabin,"$1,100",Comfort
S550 4MATIC Sedan,Cabin atomizer fragrances,$130,Comfort
S550 4MATIC Sedan,Driver Assistance Package,"$2,250",Comfort
S550 4MATIC Sedan,Surround View System,$900,Comfort
S550 4MATIC Sedan,Night View Assist PLUS,"$2,260",Comfort
S550 4MATIC Sedan,Comfort box,$350,Comfort
S550 4MATIC Sedan,Wheel locks,$150,Comfort
S550e Plug-in Hybrid,Head-Up Display,$990,Comfort
S550e Plug-in Hybrid,Electrically heated windshield,$550,Comfort
S550e Plug-in Hybrid,MAGIC SKY CONTROL®,"$4,950",Comfort
S550e Plug-in Hybrid,Burmester High-End 3D Surround Sound system,"$6,400",Comfort
S550e Plug-in Hybrid,Rear Seat Entertainment system,"$2,650",Comfort
S550e Plug-in Hybrid,SPLITVIEW front-seat entertainment system,$710,Comfort
S550e Plug-in Hybrid,Media Interface cable kit,$70,Comfort
S550e Plug-in Hybrid,"Media Interface cable, iPod®",$35,Comfort
S550e Plug-in Hybrid,"Media Interface cable, micro USB",$20,Comfort
S550e Plug-in Hybrid,"Media Interface cable, Lightning",$35,Comfort
S550e Plug-in Hybrid,Driver Assistance Package,"$2,250",Comfort
S550e Plug-in Hybrid,Surround View System,$900,Comfort
S550e Plug-in Hybrid,Night View Assist PLUS,"$2,260",Comfort
S550e Plug-in Hybrid,Comfort box,$350,Comfort
S550e Plug-in Hybrid,Wheel locks,$150,Comfort
S550e Plug-in Hybrid,"mbrace® Connect
5-year Complimentary service",$0,Comfort
S550e Plug-in Hybrid,"mbrace Secure
6-month free trial",$199,Comfort
S550e Plug-in Hybrid,"mbrace Concierge
3-month free trial",$20,Comfort
S550e Plug-in Hybrid,"mbrace Entertain
3-month free trial",$18,Comfort
S550e Plug-in Hybrid,"mbrace Bundle (Concierge & Entertain)
3-month free trial",$28,Comfort
S550e Plug-in Hybrid,Chrome Door Handle Inserts,$100,Comfort
S550e Plug-in Hybrid,Carbon Fiber Look Mirror Housing,$250,Comfort
S550e Plug-in Hybrid,Deletion of Hybrid design elements,$0,Safety
S550e Plug-in Hybrid,Rear spoiler,$500,Safety
S550e Plug-in Hybrid,20-inch 10-spoke alloy wheels,"$2,600",Safety
S550e Plug-in Hybrid,Wheel hub inserts,$25,Safety
S550e Plug-in Hybrid,AMG Heritage Hub Cap Inserts,$215,Safety
S550e Plug-in Hybrid,Tire valve stem caps,$20,Safety
S550e Plug-in Hybrid,License plate frame,$45,Safety
S550e Plug-in Hybrid,Nappa leather multifunction steering wheel,$0,Safety
S550e Plug-in Hybrid,Heated rear seats,$620,Safety
S550e Plug-in Hybrid,Exclusive trim,$950,Safety
S550e Plug-in Hybrid,Power outboard rear seats with memory,"$1,515",Safety
S550e Plug-in Hybrid,Cabin atomizer fragrances,$130,Safety
S550e Plug-in Hybrid,Driver Assistance Package,"$2,250",Safety
S550e Plug-in Hybrid,Surround View System,$900,Safety
S550e Plug-in Hybrid,Night View Assist PLUS,"$2,260",Safety
S550e Plug-in Hybrid,Comfort box,$350,Safety
S550e Plug-in Hybrid,Wheel locks,$150,Safety
Mercedes-Maybach S550 4MATIC Sedan,MAGIC SKY CONTROL®,"$4,950",Safety
Mercedes-Maybach S550 4MATIC Sedan,Burmester Surround Sound system,"? $6,400 (credit)",Safety
Mercedes-Maybach S550 4MATIC Sedan,SPLITVIEW front-seat entertainment system,$710,Safety
Mercedes-Maybach S550 4MATIC Sedan,Media Interface cable kit,$70,Safety
Mercedes-Maybach S550 4MATIC Sedan,"Media Interface cable, iPod®",$35,Safety
Mercedes-Maybach S550 4MATIC Sedan,"Media Interface cable, micro USB",$20,Safety
Mercedes-Maybach S550 4MATIC Sedan,"Media Interface cable, Lightning",$35,Safety
Mercedes-Maybach S550 4MATIC Sedan,"mbrace® Connect
5-year Complimentary service",$0,Safety
Mercedes-Maybach S550 4MATIC Sedan,"mbrace Secure
6-month free trial",$199,Safety
Mercedes-Maybach S550 4MATIC Sedan,"mbrace Concierge
3-month free trial",$20,Safety
Mercedes-Maybach S550 4MATIC Sedan,"mbrace Entertain
3-month free trial",$18,Safety
Mercedes-Maybach S550 4MATIC Sedan,"mbrace Bundle (Concierge & Entertain)
3-month free trial",$28,Safety
Mercedes-Maybach S550 4MATIC Sedan,AMG Heritage Hub Cap Inserts,$215,Safety
Mercedes-Maybach S550 4MATIC Sedan,Wheel hub inserts,$25,Safety
Mercedes-Maybach S550 4MATIC Sedan,Tire valve stem caps,$20,Safety
Mercedes-Maybach S550 4MATIC Sedan,License plate frame,$45,Safety
Mercedes-Maybach S550 4MATIC Sedan,Executive Rear Seat Package PLUS,"$1,950",Safety
Mercedes-Maybach S550 4MATIC Sedan,Refrigerator box for rear cabin,"$1,100",Safety
Mercedes-Maybach S550 4MATIC Sedan,Handcrafted silver champagne flutes,"$3,200",Safety
Mercedes-Maybach S550 4MATIC Sedan,Cabin atomizer fragrances,$130,Safety
S600 Sedan,Electrically heated windshield,$550,Safety
S600 Sedan,MAGIC SKY CONTROL®,"$4,950",Safety
S600 Sedan,SPLITVIEW front-seat entertainment system,$710,Safety
S600 Sedan,Media Interface cable kit,$70,Safety
S600 Sedan,"Media Interface cable, iPod®",$35,Safety
S600 Sedan,"Media Interface cable, micro USB",$20,Safety
S600 Sedan,"Media Interface cable, Lightning",$35,Safety
S600 Sedan,Comfort box,$350,Safety
S600 Sedan,Wheel locks,$150,Safety
S600 Sedan,"mbrace® Connect
5-year Complimentary service",$0,Safety
S600 Sedan,"mbrace Secure
6-month free trial",$199,Safety
S600 Sedan,"mbrace Concierge
3-month free trial",$20,Safety
S600 Sedan,"mbrace Entertain
3-month free trial",$18,Safety
S600 Sedan,"mbrace Bundle (Concierge & Entertain)
3-month free trial",$28,Safety
S600 Sedan,Carbon Fiber Look Mirror Housing,$250,Safety
S600 Sedan,Chrome Door Handle Inserts,$100,Safety
S600 Sedan,Rear spoiler,$500,Safety
S600 Sedan,20-inch 10-spoke alloy wheels,"$2,600",Safety
S600 Sedan,Wheel hub inserts,$25,Safety
S600 Sedan,AMG Heritage Hub Cap Inserts,$215,Safety
S600 Sedan,Tire valve stem caps,$20,Safety
S600 Sedan,License plate frame,$45,Safety
S600 Sedan,Executive Rear Seat Package PLUS,"$1,950",Safety
S600 Sedan,Refrigerator box for rear cabin,"$1,100",Safety
S600 Sedan,Cabin atomizer fragrances,$130,Safety
S600 Sedan,Comfort box,$350,Safety
S600 Sedan,Wheel locks,$150,Safety
Mercedes-Maybach S600 Sedan,MAGIC SKY CONTROL®,"$4,950",Safety
Mercedes-Maybach S600 Sedan,Burmester Surround Sound system,"? $6,400 (credit)",Safety
Mercedes-Maybach S600 Sedan,SPLITVIEW front-seat entertainment system,$710,Safety
Mercedes-Maybach S600 Sedan,Media Interface cable kit,$70,Safety
Mercedes-Maybach S600 Sedan,"Media Interface cable, iPod®",$35,Safety
Mercedes-Maybach S600 Sedan,"Media Interface cable, micro USB",$20,Safety
Mercedes-Maybach S600 Sedan,"Media Interface cable, Lightning",$35,Safety
Mercedes-Maybach S600 Sedan,"mbrace® Connect
5-year Complimentary service",$0,Safety
Mercedes-Maybach S600 Sedan,"mbrace Secure
6-month free trial",$199,Safety
Mercedes-Maybach S600 Sedan,"mbrace Concierge
3-month free trial",$20,Safety
Mercedes-Maybach S600 Sedan,"mbrace Entertain
3-month free trial",$18,Safety
Mercedes-Maybach S600 Sedan,"mbrace Bundle (Concierge & Entertain)
3-month free trial",$28,Safety
Mercedes-Maybach S600 Sedan,AMG Heritage Hub Cap Inserts,$215,Safety
Mercedes-Maybach S600 Sedan,Wheel hub inserts,$25,Safety
Mercedes-Maybach S600 Sedan,Tire valve stem caps,$20,Safety
Mercedes-Maybach S600 Sedan,License plate frame,$45,Safety
Mercedes-Maybach S600 Sedan,Executive Rear Seat Package PLUS,"$1,950",Safety
Mercedes-Maybach S600 Sedan,Refrigerator box for rear cabin,"$1,100",Safety
Mercedes-Maybach S600 Sedan,Handcrafted silver champagne flutes,"$3,200",Safety
Mercedes-Maybach S600 Sedan,Cabin atomizer fragrances,$130,Safety
AMG S63 Cabriolet,Headlamps with Swarovski crystal accents,"$1,750",Safety
AMG S63 Cabriolet,AMG Exterior Night Styling Package,$750,Safety
AMG S63 Cabriolet,AMG Exterior Carbon Fiber Package,"$6,500",Safety
AMG S63 Cabriolet,Chrome Door Handle Inserts,$70,Safety
AMG S63 Cabriolet,19-inch 5-spoke alloy wheels,"$2,480",Safety
AMG S63 Cabriolet,20-inch 10-spoke alloy wheels,"$2,600",Safety
AMG S63 Cabriolet,Wheel hub inserts,$25,Safety
AMG S63 Cabriolet,Tire valve stem caps,$20,Safety
AMG S63 Cabriolet,License plate frame,$45,Safety
AMG S63 Cabriolet,AMG Heritage Hub Cap Inserts,$215,Safety
AMG S63 Cabriolet,Warmth & Comfort Package,"$1,990",Safety
AMG S63 Cabriolet,AMG Nappa/DINAMICA Performance steering wheel,$500,Safety
AMG S63 Cabriolet,Wood/leather multifunction steering wheel,$0,Safety
AMG S63 Cabriolet,Cabin atomizer fragrances,$120,Safety
AMG S63 Cabriolet,Driver Assistance Package,"$2,250",Safety
AMG S63 Cabriolet,Night View Assist PLUS,"$2,260",Safety
AMG S63 Cabriolet,Red-painted brake calipers,$700,Safety
AMG S63 Cabriolet,AMG Carbon Ceramic braking system,"$8,950",Safety
AMG S63 Cabriolet,Carbon fiber engine cover,"$1,500",Safety
AMG S63 Cabriolet,Wheel locks,$150,Safety
AMG S63 Coupe,Headlamps with Swarovski crystal accents,"$1,750",Safety
AMG S63 Coupe,AMG Exterior Carbon Fiber Package,"$6,500",Safety
AMG S63 Coupe,Chrome Door Handle Inserts,$70,Safety
AMG S63 Coupe,AMG Exterior Night Styling Package,$750,Safety
AMG S63 Coupe,19-inch 5-spoke alloy wheels,"$2,480",Safety
AMG S63 Coupe,20-inch 10-spoke alloy wheels,"$2,600",Safety
AMG S63 Coupe,Wheel hub inserts,$25,Safety
AMG S63 Coupe,AMG Heritag Hub Cap Inserts,$215,Safety
AMG S63 Coupe,Tire valve stem caps,$20,Safety
AMG S63 Coupe,License plate frames,$45,Safety
AMG S63 Coupe,Warmth & Comfort Package,"$1,990",Safety
AMG S63 Coupe,AMG Performance Nappa/DINAMICA steering wheel,$500,Safety
AMG S63 Coupe,Wood/leather sport steering wheel,$0,Safety
AMG S63 Coupe,Refrigerator box for rear cabin,"$1,100",Safety
AMG S63 Coupe,Cabin atomizer fragrances,$120,Safety
AMG S63 Coupe,Driver Assistance Package,"$2,250",Safety
AMG S63 Coupe,Night View Assist PLUS,"$2,260",Safety
AMG S63 Coupe,Red-painted brake calipers,$700,Safety
AMG S63 Coupe,AMG Ceramic Compound braking system,"$8,950",Safety
AMG S63 Coupe,Carbon fiber engine cover,"$1,500",Safety
AMG S63 Coupe,Wheel locks,$150,Safety
AMG S63 Sedan,AMG Head-Up Display,$990,Safety
AMG S63 Sedan,Electrically heated windshield,$550,Safety
AMG S63 Sedan,MAGIC SKY CONTROL®,"$4,950",Safety
AMG S63 Sedan,Burmester High-End 3D Surround Sound system,"$6,400",Safety
AMG S63 Sedan,Rear Seat Entertainment system,"$2,650",Safety
AMG S63 Sedan,SPLITVIEW front-seat entertainment system,$710,Safety
AMG S63 Sedan,Media Interface cable kit,$70,Safety
AMG S63 Sedan,"Media Interface cable, iPod®",$35,Safety
AMG S63 Sedan,"Media Interface cable, micro USB",$20,Safety
AMG S63 Sedan,"Media Interface cable, Lightning",$35,Safety
AMG S63 Sedan,Driver Assistance Package,"$2,250",Safety
AMG S63 Sedan,Surround View System,$900,Safety
AMG S63 Sedan,Night View Assist PLUS,"$2,260",Safety
AMG S63 Sedan,Red-painted brake calipers,$700,Safety
AMG S63 Sedan,AMG Carbon Ceramic braking system,"$8,950",Safety
AMG S63 Sedan,Carbon fiber engine cover,"$1,500",Safety
AMG S63 Sedan,Comfort box,$350,Safety
AMG S63 Sedan,Wheel locks,$150,Safety
AMG S63 Sedan,"mbrace® Connect
5-year Complimentary service",$0,Safety
AMG S63 Sedan,"mbrace Secure
6-month free trial",$199,Safety
AMG S63 Sedan,"mbrace Concierge
3-month free trial",$20,Safety
AMG S63 Sedan,"mbrace Entertain
3-month free trial",$18,Safety
AMG S63 Sedan,"mbrace Bundle (Concierge & Entertain)
3-month free trial",$28,Safety
AMG S63 Sedan,AMG Exterior Carbon Fiber Package,"$6,500",Safety
AMG S63 Sedan,AMG Exterior Night Styling Package,$750,Safety
AMG S63 Sedan,Chrome Door Handle Inserts,$100,Safety
AMG S63 Sedan,Wheel hub inserts,$25,Safety
AMG S63 Sedan,AMG Heritage Hub Cap Inserts,$215,Safety
AMG S63 Sedan,Tire valve stem caps,$20,Safety
AMG S63 Sedan,License plate frame,$45,Safety
AMG S63 Sedan,AMG Nappa/DINAMICA Performance steering wheel,$500,Safety
AMG S63 Sedan,Wood/leather sport steering wheel,$0,Safety
AMG S63 Sedan,Heated rear seats,$620,Safety
AMG S63 Sedan,Exclusive trim,$950,Safety
AMG S63 Sedan,Power outboard rear seats with memory,"$1,515",Safety
AMG S63 Sedan,Refrigerator box for rear cabin,"$1,100",Safety
AMG S63 Sedan,Cabin atomizer fragrances,$130,Safety
AMG S63 Sedan,Driver Assistance Package,"$2,250",Safety
AMG S63 Sedan,Surround View System,$900,Safety
AMG S63 Sedan,Night View Assist PLUS,"$2,260",Safety
AMG S63 Sedan,Red-painted brake calipers,$700,Safety
AMG S63 Sedan,AMG Carbon Ceramic braking system,"$8,950",Safety
AMG S63 Sedan,Carbon fiber engine cover,"$1,500",Safety
AMG S63 Sedan,Comfort box,$350,Safety
AMG S63 Sedan,Wheel locks,$150,Safety
AMG S65 Cabriolet,AMG Nappa/DINAMICA Performance steering wheel,$500,Safety
AMG S65 Cabriolet,Wood/leather multifunction steering wheel,$0,Safety
AMG S65 Cabriolet,Cabin atomizer fragrances,$120,Safety
AMG S65 Cabriolet,AMG Exterior Carbon Fiber Package,"$5,300",Safety
AMG S65 Cabriolet,Chrome Door Handle Inserts,$70,Safety
AMG S65 Cabriolet,AMG Exterior Night Styling Package,$750,Safety
AMG S65 Cabriolet,19-inch 5-spoke alloy wheels,"$2,480",Safety
AMG S65 Cabriolet,20-inch 10-spoke alloy wheels,"$2,600",Safety
AMG S65 Cabriolet,Wheel hub inserts,$25,Safety
AMG S65 Cabriolet,AMG Heritag Hub Cap Inserts,$215,Safety
AMG S65 Cabriolet,Tire valve stem caps,$20,Safety
AMG S65 Cabriolet,License plate frames,$45,Safety
AMG S65 Cabriolet,AMG Performance Nappa/DINAMICA steering wheel,$500,Safety
AMG S65 Cabriolet,Wood/leather sport steering wheel,$0,Safety
AMG S65 Cabriolet,Refrigerator box for rear cabin,"$1,100",Safety
AMG S65 Cabriolet,Cabin atomizer fragrances,$120,Safety
AMG S65 Cabriolet,Red-painted brake calipers,$700,Safety
AMG S65 Cabriolet,AMG Ceramic Compound braking system,"$8,950",Safety
AMG S65 Cabriolet,Wheel locks,$150,Safety
AMG S65 Sedan,Electrically heated windshield,$550,Safety
AMG S65 Sedan,MAGIC SKY CONTROL®,"$4,950",Safety
AMG S65 Sedan,SPLITVIEW front-seat entertainment system,$710,Safety
AMG S65 Sedan,Media Interface cable kit,$70,Safety
AMG S65 Sedan,"Media Interface cable, iPod®",$35,Safety
AMG S65 Sedan,"Media Interface cable, micro USB",$20,Safety
AMG S65 Sedan,"Media Interface cable, Lightning",$35,Safety
AMG S65 Sedan,AMG Carbon Ceramic braking system,"$8,950",Safety
AMG S65 Sedan,Comfort box,$350,Safety
AMG S65 Sedan,Wheel locks,$150,Safety
AMG S65 Sedan,"mbrace® Connect
5-year Complimentary service",$0,Safety
AMG S65 Sedan,"mbrace Secure
6-month free trial",$199,Safety
AMG S65 Sedan,"mbrace Concierge
3-month free trial",$20,Safety
AMG S65 Sedan,"mbrace Entertain
3-month free trial",$18,Safety
AMG S65 Sedan,"mbrace Bundle (Concierge & Entertain)
3-month free trial",$28,Safety
AMG S65 Sedan,AMG Exterior Carbon Fiber Package,"$5,300",Safety
AMG S65 Sedan,AMG Exterior Night Styling Package,$750,Safety
AMG S65 Sedan,Chrome Door Handle Inserts,$100,Safety
AMG S65 Sedan,Wheel hub inserts,$25,Safety
AMG S65 Sedan,AMG Heritage Hub Cap Inserts,$215,Safety
AMG S65 Sedan,Tire valve stem caps,$20,Safety
AMG S65 Sedan,License plate frame,$45,Safety
AMG S65 Sedan,Executive Rear Seat Package PLUS,"$1,950",Safety
AMG S65 Sedan,AMG Nappa/DINAMICA Performance steering wheel,$500,Safety
AMG S65 Sedan,Wood/leather sport steering wheel,$0,Safety
AMG S65 Sedan,Refrigerator box for rear cabin,"$1,100",Safety
AMG S65 Sedan,Cabin atomizer fragrances,$130,Safety
AMG S65 Sedan,AMG Carbon Ceramic braking system,"$8,950",Safety
AMG S65 Sedan,Comfort box,$350,Safety
AMG S65 Sedan,Wheel locks,$150,Safety
SL450 Roadster,18-inch 5-spoke wheels,"$2,480",Safety
SL450 Roadster,19-inch multispoke wheels,"$2,540",Safety
SL450 Roadster,Wheel hub inserts,$25,Safety
SL450 Roadster,Tire valve stem caps,$20,Safety
SL450 Roadster,License plate frame,$45,Safety
SL450 Roadster,AMG Heritag Hub Cap Inserts,$215,Safety
SL450 Roadster,Driver Assistance Package,"$2,250",Safety
SL450 Roadster,Active Body Control® (ABC) with CURVE function,"$4,090",Safety
SL450 Roadster,Wheel locks,$150,Safety
SL550 Roadster,18-inch 5-spoke wheels,"$2,480",Safety
SL550 Roadster,19-inch multispoke wheels,"$2,540",Safety
SL550 Roadster,Wheel hub inserts,$25,Safety
SL550 Roadster,Tire valve stem caps,$20,Safety
SL550 Roadster,License plate frame,$45,Safety
SL550 Roadster,AMG Heritag Hub Cap Inserts,$215,Safety
SL550 Roadster,Wood/leather steering wheel,$650,Safety
SL550 Roadster,Illuminated Door Sill,$515,Safety
SL550 Roadster,Driver Assistance Package,"$2,250",Safety
SL550 Roadster,Active Body Control® (ABC) with CURVE function,"$4,090",Safety
SL550 Roadster,Wheel locks,$150,Safety
AMG SL63 Roadster,AMG Exterior Carbon Fiber Package,"$3,570",Safety
AMG SL63 Roadster,AMG Exterior Night Styling Package,$750,Safety
AMG SL63 Roadster,Wheel hub inserts,$25,Safety
AMG SL63 Roadster,Tire valve stem caps,$20,Safety
AMG SL63 Roadster,License plate frame,$45,Safety
AMG SL63 Roadster,AMG Heritag Hub Cap Inserts,$215,Safety
AMG SL63 Roadster,Driver Assistance Package,"$2,250",Safety
AMG SL63 Roadster,AMG Performance Suspension with 2-stage adjustment,"$1,500",Safety
AMG SL63 Roadster,Red-painted brake calipers,"$1,000",Safety
AMG SL63 Roadster,AMG Carbon Ceramic braking system,"$8,950",Safety
AMG SL63 Roadster,Wheel locks,$150,Safety
AMG SL63 Roadster,Carbon fiber engine cover,"$1,500",Safety
AMG SL65 Roadster,AMG Exterior Carbon Fiber Package,"$3,570",Safety
AMG SL65 Roadster,AMG Exterior Night Styling Package,$750,Safety
AMG SL65 Roadster,Wheel hub inserts,$25,Safety
AMG SL65 Roadster,Tire valve stem caps,$20,Safety
AMG SL65 Roadster,License plate frame,$45,Safety
AMG SL65 Roadster,AMG Heritag Hub Cap Inserts,$215,Safety
AMG SL65 Roadster,AMG Nappa/DINAMICA Performance steering wheel,$500,Safety
AMG SL65 Roadster,Wood/leather steering wheel,$650,Safety
AMG SL65 Roadster,Red seat belts,$300,Safety
AMG SL65 Roadster,Silver seat belts,$300,Safety
AMG SL65 Roadster,Red-painted brake calipers,"$1,000",Safety
AMG SL65 Roadster,AMG Carbon Ceramic braking system,"$8,950",Safety
AMG SL65 Roadster,Wheel locks,$150,Safety
SLC300 Roadster,Panorama roof with MAGIC SKY CONTROL,"$2,500",Safety
SLC300 Roadster,Hood Fin Covers,$150,Safety
SLC300 Roadster,Rear spoiler,$350,Safety
SLC300 Roadster,18-inch 5-spoke Wheel,"$1,860",Safety
SLC300 Roadster,17-inch 10-spoke Wheel,"$1,960",Safety
SLC300 Roadster,Tire valve stem caps,$19,Safety
SLC300 Roadster,Wheel hub inserts,$20,Safety
SLC300 Roadster,License plate frame,$40,Safety
SLC300 Roadster,AMG Heritage Hub Cap Inserts,$215,Safety
SLC300 Roadster,Premium 3 Package,"$10,500",Safety
SLC300 Roadster,Wheel locks,$150,Safety
AMG SLC43 Roadster,AMG illuminated door sills,$350,Safety
AMG SLC43 Roadster,AMG Door Pins,$50,Safety
AMG SLC43 Roadster,Premium 3 Package,"$7,100",Safety
AMG SLC43 Roadster,AMG Handling Package,"$2,800",Safety
AMG SLC43 Roadster,Wheel locks,$150,Safety
